-- MySQL dump 10.13  Distrib 8.0.32, for macos13.0 (arm64)
--
-- Host: localhost    Database: stuntingdb
-- ------------------------------------------------------
-- Server version	8.0.32

/*!40101 SET @OLD_CHARACTER_SET_CLIENT=@@CHARACTER_SET_CLIENT */;
/*!40101 SET @OLD_CHARACTER_SET_RESULTS=@@CHARACTER_SET_RESULTS */;
/*!40101 SET @OLD_COLLATION_CONNECTION=@@COLLATION_CONNECTION */;
/*!50503 SET NAMES utf8mb4 */;
/*!40103 SET @OLD_TIME_ZONE=@@TIME_ZONE */;
/*!40103 SET TIME_ZONE='+00:00' */;
/*!40014 SET @OLD_UNIQUE_CHECKS=@@UNIQUE_CHECKS, UNIQUE_CHECKS=0 */;
/*!40014 SET @OLD_FOREIGN_KEY_CHECKS=@@FOREIGN_KEY_CHECKS, FOREIGN_KEY_CHECKS=0 */;
/*!40101 SET @OLD_SQL_MODE=@@SQL_MODE, SQL_MODE='NO_AUTO_VALUE_ON_ZERO' */;
/*!40111 SET @OLD_SQL_NOTES=@@SQL_NOTES, SQL_NOTES=0 */;

--
-- Table structure for table `balita`
--

DROP TABLE IF EXISTS `balita`;
/*!40101 SET @saved_cs_client     = @@character_set_client */;
/*!50503 SET character_set_client = utf8mb4 */;
CREATE TABLE `balita` (
  `id` bigint unsigned NOT NULL AUTO_INCREMENT,
  `id_kelurahan` bigint unsigned DEFAULT NULL,
  `id_puskesmas` bigint unsigned DEFAULT NULL,
  `posyandu` varchar(255) CHARACTER SET utf8mb4 COLLATE utf8mb4_unicode_ci DEFAULT NULL,
  `rt` varchar(255) CHARACTER SET utf8mb4 COLLATE utf8mb4_unicode_ci DEFAULT NULL,
  `rw` varchar(255) CHARACTER SET utf8mb4 COLLATE utf8mb4_unicode_ci DEFAULT NULL,
  `alamat` varchar(255) CHARACTER SET utf8mb4 COLLATE utf8mb4_unicode_ci DEFAULT NULL,
  `nik` varchar(255) CHARACTER SET utf8mb4 COLLATE utf8mb4_unicode_ci DEFAULT NULL,
  `nama` varchar(255) CHARACTER SET utf8mb4 COLLATE utf8mb4_unicode_ci DEFAULT NULL,
  `jk` enum('P','L') COLLATE utf8mb4_unicode_ci NOT NULL,
  `tgl_lahir` varchar(255) COLLATE utf8mb4_unicode_ci DEFAULT NULL,
  `bb_lahir` int NOT NULL,
  `tb_lahir` int NOT NULL,
  `nama_orang_tua` varchar(255) COLLATE utf8mb4_unicode_ci NOT NULL,
  `created_at` timestamp NULL DEFAULT NULL,
  `updated_at` timestamp NULL DEFAULT NULL,
  PRIMARY KEY (`id`)
) ENGINE=InnoDB AUTO_INCREMENT=392 DEFAULT CHARSET=utf8mb4 COLLATE=utf8mb4_unicode_ci;
/*!40101 SET character_set_client = @saved_cs_client */;

--
-- Dumping data for table `balita`
--

LOCK TABLES `balita` WRITE;
/*!40000 ALTER TABLE `balita` DISABLE KEYS */;
INSERT INTO `balita` VALUES (1,1,1,NULL,NULL,NULL,'DESA BUYAT TENGAH ','7110024703180002  ','QUINSYAH ALMIRA ','','2018-03-07 ',3,0,'SUMARLAN DAMOPOLII ','2022-10-15 02:53:19','2022-10-15 02:53:19'),(2,1,1,NULL,NULL,NULL,'DESA BUYAT TENGAH ','5904189603  ','ALZENA GOBEL ','','2018-04-19 ',0,0,'DION GOBEL ','2022-10-15 02:53:19','2022-10-15 02:53:19'),(3,2,2,NULL,NULL,NULL,'DUSUN 1 ','7111405406180011  ','SABYAN RAMDHANI ','','2018-06-14 ',3,0,'DEDY PRAYAGO ','2022-10-15 02:53:19','2022-10-15 02:53:19'),(4,2,2,NULL,NULL,NULL,'PURWOREJO TENGAH ','7110041502180001  ','febriyawan ','','2018-02-15 ',2,0,'tangkar ','2022-10-15 02:53:19','2022-10-15 02:53:19'),(5,3,3,NULL,NULL,NULL,'DS.2 ','7110023112170001  ','ZAINUL SUMAILA ','','2017-12-31 ',3,0,'SAPRUDIN SUMAILA ','2022-10-15 02:53:19','2022-10-15 02:53:19'),(6,3,3,NULL,NULL,NULL,'DESA BULAWAN DUSUN III ','7110026109170001  ','HIZRIA LISA ABUJULU ','','2017-09-21 ',3,0,'SAMSUDIN ABUJULU ','2022-10-15 02:53:19','2022-10-15 02:53:19'),(7,4,3,NULL,NULL,NULL,'DESA KOTABUNAN SELATAN DUSUN 2 ','7111300707170000  ','MOH REZAN HINUR ','','2018-06-07 ',3,49,'AJUAN HINUR ','2022-10-15 02:53:19','2022-10-15 02:53:19'),(8,5,4,NULL,NULL,NULL,'Dusun III ','7111112712170000  ','Jilbert D. Makagansa ','','2017-12-27 ',3,0,'Felix Makagansa ','2022-10-15 02:53:19','2022-10-15 02:53:19'),(9,6,5,NULL,'3','2','DESA MOONOW ','7111502705170000  ','AGAM FATUL HALIM ','','2017-09-27 ',3000,0,'HAMZAH MAMONTO ','2022-10-15 02:53:19','2022-10-15 02:53:19'),(10,7,6,NULL,NULL,NULL,'DESA MOOAT ','7110044210170002  ','RAHMI MAMONTO ','','2017-10-02 ',3,49,'MULIYADI MAMONTO ','2022-10-15 02:53:19','2022-10-15 02:53:19'),(11,8,6,NULL,NULL,NULL,'DESA MOTOTOMPIAAN ','7110070902180001  ','VERELI VINSENSIUS GONI ','','2018-02-09 ',3,49,'RANDY R. GONI ','2022-10-15 02:53:19','2022-10-15 02:53:19'),(12,9,7,NULL,NULL,'1','DESA IYOK ','7111102310170001  ','MOH. FATIR MAMONTO ','','2017-10-23 ',0,0,'FARID MAMONTO ','2022-10-15 02:53:19','2022-10-15 02:53:19'),(13,10,8,NULL,'1',NULL,'TOMBOLIKAT ','7111204706180001  ','NAINA SANGKALA ','','2018-06-07 ',0,0,'RIKMAN SANGKALA  ','2022-10-15 02:53:19','2022-10-15 02:53:19'),(14,7,6,NULL,NULL,NULL,'DESA MOOAT ','7111412101190011  ','FIRZA ARSYA PAPUTUNGAN ','','2019-01-21 ',0,0,'ASRUL PAPUTUNGAN ','2022-10-15 02:53:19','2022-10-15 02:53:19'),(15,11,8,NULL,'2',NULL,'tombolikat selatan ','7111206404180000  ','zefanya salendu ','','2018-04-24 ',0,0,'marten salendu ','2022-10-15 02:53:19','2022-10-15 02:53:19'),(16,12,6,NULL,NULL,NULL,'DESA BONGKUDAI TIMUR ','7110070201190001  ','RAYFIN A.KAMUH ','','2019-01-02 ',2,47,'FITRI RATU ','2022-10-15 02:53:19','2022-10-15 02:53:19'),(17,13,2,NULL,NULL,NULL,'dusun 3 ','710000000025  ','alika cahaya putri ','','2018-08-28 ',0,0,'mantan korompot ','2022-10-15 02:53:19','2022-10-15 02:53:19'),(18,1,1,NULL,NULL,NULL,'DUSUN ','7111305912170001  ','ASYIRA LOKIMAN ','','2017-12-19 ',4,49,'RUSLIN LOKIMAN ','2022-10-15 02:53:19','2022-10-15 02:53:19'),(19,14,1,NULL,NULL,NULL,'BUYAT BARAT ','7111304506180001  ','ATIKA ALAMSYAH ','','2018-06-05 ',3,49,'IYAR ALAMSYAH ','2022-10-15 02:53:19','2022-10-15 02:53:19'),(20,14,1,NULL,NULL,NULL,'BUYAT BARAT ','7111306606180001  ','NUSAIBAH MANOPPO ','','2018-06-26 ',3,47,'SUMITRO MANOPPO ','2022-10-15 02:53:19','2022-10-15 02:53:19'),(21,14,1,NULL,NULL,NULL,'BUYAT BARAT ','7111305406180001  ','ELISYAH NENTO ','','2018-06-14 ',3,49,'IRFAN NENTO ','2022-10-15 02:53:19','2022-10-15 02:53:19'),(22,14,1,NULL,NULL,NULL,'BUYAT BARAT ','7111305707180001  ','IBNATU MODEONG ','','2018-07-17 ',3,49,'SARWONO MODEONG ','2022-10-15 02:53:19','2022-10-15 02:53:19'),(23,15,3,NULL,NULL,NULL,'DESA PARET DUSUN IV ','7110026609170001  ','SEFLIA LUMANAW ','','2017-09-26 ',3,48,'FANDI LUMANAW ','2022-10-15 02:53:19','2022-10-15 02:53:19'),(24,15,3,NULL,NULL,NULL,'DESA PARET DUSUN IV ','7110020911170001  ','CRISTIAN HARI ','','2017-11-09 ',3,47,'CHRISTOP HARI ','2022-10-15 02:53:19','2022-10-15 02:53:19'),(25,16,2,NULL,NULL,NULL,'dusun 8 ','710000000000106  ','muh alhapis sabihi ','','2018-05-04 ',3,49,'hajir sabihi ','2022-10-15 02:53:19','2022-10-15 02:53:19'),(26,15,3,NULL,NULL,NULL,'desa paret dusun iv ','7111303006180056  ','jefraenli ratualanagon ','','2018-06-30 ',3,48,'sandri ratualangon ','2022-10-15 02:53:19','2022-10-15 02:53:19'),(27,15,3,NULL,NULL,NULL,'DESA PARET DUSUN IV ','7110025111180001  ','NAGITA NOWELA ','','2018-11-11 ',4,48,'AMELIA KOLOPITA ','2022-10-15 02:53:19','2022-10-15 02:53:19'),(28,15,3,NULL,NULL,NULL,'desa paret dusun iii ','7111301201190064  ','alfaiz ulil azmi ','','2019-01-12 ',3,48,'jumri bakari ','2022-10-15 02:53:19','2022-10-15 02:53:19'),(29,17,1,NULL,NULL,NULL,'DUSUN ','7111306007180002  ','ALMIRA PERMATA ','','2018-07-20 ',3,49,'YULIN YUSUF ','2022-10-15 02:53:19','2022-10-15 02:53:19'),(30,18,1,NULL,NULL,NULL,'BUYAT I ','7111305208180001  ','CHYZARINE ARITONDA ','','2018-08-12 ',4,49,'ARIS ARITONDA ','2022-10-15 02:53:19','2022-10-15 02:53:19'),(31,1,1,NULL,NULL,NULL,'BUYAT INDUK ','7111305312180000  ','HAFIZHA BISNUN ','','2018-12-13 ',3,49,'SARJUN BISNUN ','2022-10-15 02:53:19','2022-10-15 02:53:19'),(32,17,1,NULL,NULL,NULL,'BUYAT SELATAN ','7111301110180000  ','BADZIL MODEONG ','','2018-10-11 ',3,50,'BAGUS MODEONG ','2022-10-15 02:53:19','2022-10-15 02:53:19'),(33,1,1,NULL,NULL,NULL,'BUYAT  ','7111303107180000  ','KHUDAIR SAMLAN ','','2018-07-31 ',3,50,'FARDAN SAMLAN ','2022-10-15 02:53:19','2022-10-15 02:53:19'),(34,18,1,NULL,NULL,NULL,'BUYAT SATU ','7111305109180000  ','RIA MATASUGI ','','2018-09-11 ',3,49,'JEFRI MATASUGI ','2022-10-15 02:53:19','2022-10-15 02:53:19'),(35,12,5,NULL,NULL,NULL,'DESA BONGKUDAI ','7111505606180006  ','NASYA M PAPUTUNGAN ','','2018-06-16 ',3,48,'RATI MATERO ','2022-10-15 02:53:19','2022-10-15 02:53:19'),(36,19,2,NULL,NULL,NULL,'DUSUN 5 ','3010185239000011  ','ALUHISKI ABUK ','','2018-10-30 ',3,50,'ROMI ABUK ','2022-10-15 02:53:19','2022-10-15 02:53:19'),(37,20,5,NULL,NULL,NULL,'desa bangunan wuwuk ','7111500512170002  ','eklesio rompas ','','2017-12-05 ',3,49,'anita kumendong ','2022-10-15 02:53:19','2022-10-15 02:53:19'),(38,21,4,NULL,NULL,NULL,'dusun 1 ','7111114812180001  ','chanzu pangalima ','','2018-12-08 ',3,49,'noval pangalima ','2022-10-15 02:53:19','2022-10-15 02:53:19'),(39,4,3,NULL,NULL,NULL,'DUSUN II ','7111300212180118  ','MUH FIDAL PODOMA ','','2018-12-02 ',3,48,'ISMAYANTI MANGUNPAUS ','2022-10-15 02:53:19','2022-10-15 02:53:19'),(40,12,5,NULL,'1','2','DEAS BONGKUDAI ','7111502104190005  ','ALKHIAS RADIKA TARPIN ','','2019-04-21 ',2,47,'KASANDRA LAPADENGAN ','2022-10-15 02:53:19','2022-10-15 02:53:19'),(41,22,4,NULL,NULL,NULL,'dusun 2 ','7111112203180001  ','miracle langu ','','2018-03-22 ',3,49,'kiki martono langu ','2022-10-15 02:53:19','2022-10-15 02:53:19'),(42,22,4,NULL,NULL,NULL,'dusun 1 ','7111115705180001  ','Elsaday mandiangan ','','2018-05-17 ',3,49,'zakaria mandiangan ','2022-10-15 02:53:19','2022-10-15 02:53:19'),(43,23,8,NULL,NULL,NULL,'kayumoyondi ','7111200311180188  ','mohamad alfatir lumawa ','','2018-11-03 ',3,49,'karmawan lumawa ','2022-10-15 02:53:19','2022-10-15 02:53:19'),(44,23,8,NULL,NULL,NULL,'kayumoyondi ','7111201611180191  ','bagas datau ','','2018-11-16 ',3,49,'harjo datau ','2022-10-15 02:53:19','2022-10-15 02:53:19'),(45,24,4,NULL,NULL,NULL,'dusun 3 ','7111114310180001  ','rinjani a mamangkai ','','2018-10-03 ',3,49,'afrizal mamangkai ','2022-10-15 02:53:19','2022-10-15 02:53:19'),(46,25,1,NULL,NULL,NULL,'DUSUN 1 ','7111305409180000  ','ADZKIA KAPISO ','','2018-09-14 ',3,49,'RIFKANDI KAPISO ','2022-10-15 02:53:19','2022-10-15 02:53:19'),(47,26,2,NULL,NULL,NULL,'DUSUN 5 ','7100000002740011  ','GIBRAN AKHMAD FAHREZI ','','2018-10-23 ',3,49,'RAHIM MOKOGINTA ','2022-10-15 02:53:19','2022-10-15 02:53:19'),(48,1,1,NULL,NULL,NULL,'BUYAT TENGAH ','5109187742  ','UFAIRAH SHANUM ','','2018-09-11 ',3,49,'SADAM EKSAN ','2022-10-15 02:53:19','2022-10-15 02:53:19'),(49,10,8,NULL,NULL,NULL,'TOMBOLIKAT ','7111201107180724  ','MOH IRGA ATUE ','','2018-07-11 ',3,50,'YADI ATUE ','2022-10-15 02:53:19','2022-10-15 02:53:19'),(50,10,8,NULL,NULL,NULL,'TOMBOLIKAT ','7111202910190736  ','RAFASHA PIRI ','','2018-10-29 ',3,50,'RENALDI PIRI ','2022-10-15 02:53:19','2022-10-15 02:53:19'),(51,27,3,NULL,NULL,NULL,'Dusun 1 ','7111305001190132  ','Arsyila mamonto ','','2019-01-10 ',3,48,'Sartika mooduto ','2022-10-15 02:53:19','2022-10-15 02:53:19'),(52,28,8,NULL,NULL,NULL,'tutuyan ','7111201710180808  ','izza nabil matindas ','','2018-10-17 ',3,49,'basri matindas ','2022-10-15 02:53:19','2022-10-15 02:53:19'),(53,28,8,NULL,NULL,NULL,'tutuyan ','7111202512180811  ','abisar mokodongan ','','2018-12-25 ',2,47,'firansyah mokodongan ','2022-10-15 02:53:19','2022-10-15 02:53:19'),(54,12,6,NULL,NULL,NULL,'DESA BONGKUDAI TIMUR ','7110072609170001  ','YANSAR VILANDO KAWUNG ','','2017-09-26 ',2,49,'MIX KAWUNG ','2022-10-15 02:53:19','2022-10-15 02:53:19'),(55,2,2,NULL,NULL,NULL,'DUSUN 1 ','710000000305  ','SABIT AL SYAZANI ','','2018-05-10 ',3,48,'SUTRISNO PUTRI LARAS ','2022-10-15 02:53:19','2022-10-15 02:53:19'),(56,29,3,NULL,NULL,NULL,'DUSUN 1 PERUM ','7110031501150001  ','KELLEN K DJOJOHIKRAT ','','2018-06-24 ',3,49,'AYU GINSU ','2022-10-15 02:53:19','2022-10-15 02:53:19'),(57,7,6,NULL,NULL,NULL,'DESA MOOAT ','530218780911  ','SYALOMITHA PALELATI ','','2018-02-13 ',3,48,'VERI PALELATI ','2022-10-15 02:53:19','2022-10-15 02:53:19'),(58,30,8,NULL,NULL,NULL,'togid ','7111200508180990  ','apriansyah monoarfa ','','2018-08-05 ',3,49,'hajrin monoarfa ','2022-10-15 02:53:19','2022-10-15 02:53:19'),(59,31,3,NULL,NULL,NULL,'DUSUN II ','711025302180001  ','AZAIRAH FATRISA ','','2018-02-13 ',3,50,'AFRILIA MOKODOMPIT ','2022-10-15 02:53:19','2022-10-15 02:53:19'),(60,32,6,NULL,NULL,NULL,'DESA MOKITOMPIA ','7110076110170001  ','JESILIA ANJELA MOGOT ','','2017-10-21 ',2,45,'MELKY MOGOT ','2022-10-15 02:53:19','2022-10-15 02:53:19'),(61,3,3,NULL,NULL,NULL,'DS.1 ','7110022210180002  ','KAYLA AHMADI ','','2018-11-01 ',3,50,'FRISMAWATY ALIFA ','2022-10-15 02:53:19','2022-10-15 02:53:19'),(62,32,6,NULL,NULL,NULL,'DESA MOKITOMPIA ','660718191611  ','JEVANIA KAWENGIAN ','','2018-07-26 ',3,50,'ANGGRIANI TEWU ','2022-10-15 02:53:19','2022-10-15 02:53:19'),(63,8,6,NULL,NULL,NULL,'DESA MOTOTOMPIAAN ','7110074503190001  ','LANDA MARGARETH KALANGI ','','2019-03-05 ',4,50,'RIVALDI STEVANUS KALANGI ','2022-10-15 02:53:19','2022-10-15 02:53:19'),(64,33,7,NULL,NULL,NULL,'dusun 1 ','7110032605180001  ','abd. akib kolopita ','','2018-05-26 ',2,47,'suharto kolopita ','2022-10-15 02:53:19','2022-10-15 02:53:19'),(65,34,6,NULL,NULL,NULL,'DESA KOKAPOY ','7110071105180001  ','NATHAN B. DARANGGA ','','2018-05-12 ',3,49,'YOHANIS DARANGGA ','2022-10-15 02:53:19','2022-10-15 02:53:19'),(66,35,6,NULL,NULL,NULL,'DESA BONGKUDAI SELATAN ','7110076808180001  ','BERLIAN SAGAY ','','2018-08-28 ',2,46,'FRANGKY SAGAY ','2022-10-15 02:53:19','2022-10-15 02:53:19'),(67,16,2,NULL,NULL,NULL,'DUSUN 7 ','7100000000352  ','ERBIYANSA LUJU ','','2019-05-02 ',3,50,'IWAN LUJU ','2022-10-15 02:53:19','2022-10-15 02:53:19'),(68,16,2,NULL,NULL,NULL,'DUSUN 6 ','7100000000000360  ','AIMAN KAFI AGOAN ','','2019-05-09 ',3,50,'RAHMAT AGOAN ','2022-10-15 02:53:19','2022-10-15 02:53:19'),(69,36,2,NULL,'1','1','DSN 1 ','7100000000000394  ','YASMIN ZAHRATU NILA A. ','','2019-07-09 ',3,47,'CITRA ANGELINA ','2022-10-15 02:53:19','2022-10-15 02:53:19'),(70,37,2,NULL,NULL,NULL,'buyandi ','7100000000000401  ','ALIZA PAPUTUNGAN ','','2019-06-14 ',3,49,'yudi paputungan ','2022-10-15 02:53:19','2022-10-15 02:53:19'),(71,38,2,NULL,NULL,NULL,'DUSUN 1 ','7110040510180001  ','SURYA HABSI ANLIS SAMSUDDIN ','','2018-10-05 ',3,49,'ANCHOE SAMSUDDIN / LILIS SURIANI MAMONTO ','2022-10-15 02:53:19','2022-10-15 02:53:19'),(72,39,5,NULL,NULL,NULL,'DESA PINONOBATUAN ','7111502107195729  ','RHAHEL A. MAMONTO ','','2019-07-21 ',3,50,'HARDIYANTI KEMUR ','2022-10-15 02:53:19','2022-10-15 02:53:19'),(73,40,2,NULL,'2','2','dsn 2 ','7100000000000455  ','FAIRA KAAIRINA AZZAHRA ','','2019-01-06 ',2,47,'marlina harianto ','2022-10-15 02:53:19','2022-10-15 02:53:19'),(74,5,4,NULL,NULL,NULL,'DUSUN 3 ','7111117007185883  ','JESELIN MICHELIN MAKAMINANG ','','2019-07-30 ',3,49,'MAIKEL MAKAMINANG ','2022-10-15 02:53:19','2022-10-15 02:53:19'),(75,17,1,NULL,NULL,NULL,'BUYAT SELATAN ','7111307005199754  ','CHESSY PANTOW ','','2019-05-30 ',3,49,'FERDI PANTOW ','2022-10-15 02:53:19','2022-10-15 02:53:19'),(76,30,8,NULL,NULL,NULL,'togid ','7111200401199667  ','DEVANO MOKODOMPIT ','','2019-01-04 ',4,50,'hamri mokodompit ','2022-10-15 02:53:19','2022-10-15 02:53:19'),(77,24,4,NULL,NULL,NULL,'dusun 3 ','7111110503191728  ','ADRIAN LANTOAN ','','2019-03-05 ',3,48,'irfan lantoan ','2022-10-15 02:53:19','2022-10-15 02:53:19'),(78,41,4,NULL,NULL,NULL,'DUSUN 2 ','7111111808181794  ','NADIT ALISANDRO ','','2018-08-18 ',2,47,'SANDRO MARSIDI ','2022-10-15 02:53:19','2022-10-15 02:53:19'),(79,42,8,NULL,NULL,NULL,'dodap mikasa ','7110020807190000  ','ANDERSON LANTAA ','','2019-07-08 ',3,48,'masri lantaa ','2022-10-15 02:53:19','2022-10-15 02:53:19'),(80,30,8,NULL,NULL,NULL,'togid ','711001050819000  ','ANINDIA MAMONTO ','','2019-08-05 ',2,0,'hamdi mamonto ','2022-10-15 02:53:19','2022-10-15 02:53:19'),(81,3,3,NULL,NULL,NULL,'dusun 2 ','7110024607197909  ','FAIZA AYANA LUAWO ','','2019-07-06 ',3,49,'fatira hala ','2022-10-15 02:53:19','2022-10-15 02:53:19'),(82,3,3,NULL,NULL,NULL,'DS.1 ','7110023107199879  ','MUH QHABIL ARIAN DALUAS ','','2019-07-31 ',4,48,'JANIMA HALIDU ','2022-10-15 02:53:19','2022-10-15 02:53:19'),(83,4,3,NULL,NULL,NULL,'DUSUN 2 ','7110026211180001  ','ALISYA HINUR ','','2018-11-22 ',3,48,'SRI GITA KATILI ','2022-10-15 02:53:19','2022-10-15 02:53:19'),(84,4,3,NULL,NULL,NULL,'DUSUN 2 ','71100205072019  ','MOH DAVID SYAPUTRA MONDO ','','2019-07-05 ',3,48,'RISTA BINOL ','2022-10-15 02:53:19','2022-10-15 02:53:19'),(85,10,8,NULL,NULL,NULL,'tombolikat ','7111202907196553  ','AHMAD PIRI ','','2019-07-29 ',3,49,'joyo piri ','2022-10-15 02:53:19','2022-10-15 02:53:19'),(86,10,8,NULL,NULL,NULL,'tombolikat ','7111200409193231  ','AFKAR PATAMAT ','','2019-09-04 ',3,49,'noldy patamat ','2022-10-15 02:53:19','2022-10-15 02:53:19'),(87,43,8,NULL,NULL,NULL,'TUTUYAN III ','7111204905191432  ','DEVIA DALERO ','','2019-05-09 ',2,45,'ISMAIL DALERO ','2022-10-15 02:53:19','2022-10-15 02:53:19'),(88,44,5,NULL,NULL,NULL,'DESA INATON ','7111504607189112  ','AZIZAH NURHAIM ','','2018-07-06 ',3,50,'MADINA GOMBA ','2022-10-15 02:53:19','2022-10-15 02:53:19'),(89,18,1,NULL,NULL,NULL,'BUYAT I  ','7111302404197192  ','ARSHA MOKODOMPIT ','','2019-04-24 ',3,50,'ALFATIH MOKODOMPIT ','2022-10-15 02:53:19','2022-10-15 02:53:19'),(90,18,1,NULL,NULL,NULL,'BUYAT I ','7111300206196030  ','GIBRAN MODEONG ','','2019-06-02 ',3,50,'WALDI MODEONG ','2022-10-15 02:53:19','2022-10-15 02:53:19'),(91,43,8,NULL,NULL,NULL,'tutuyan ','7111200511177893  ','ASRIEL MODEONG ','','2017-11-05 ',3,49,'daud modeong ','2022-10-15 02:53:19','2022-10-15 02:53:19'),(92,24,4,NULL,NULL,NULL,'dusun 2 ','7111116406193121  ','SELINA PAKAYA ','','2019-06-24 ',3,49,'aan pakaya ','2022-10-15 02:53:19','2022-10-15 02:53:19'),(93,45,5,NULL,NULL,NULL,'DESA MOYONGKOTA ','7111504906199827  ','GISELA MAMONTO ','','2019-06-09 ',3,49,'SANDRA MAMONTO ','2022-10-15 02:53:19','2022-10-15 02:53:19'),(94,46,7,NULL,NULL,NULL,'dusun 1 ','7110034107190001  ','RALDA MAMONTO ','','2019-07-01 ',3,48,'rasidin mamonto ','2022-10-15 02:53:19','2022-10-15 02:53:19'),(95,28,8,NULL,NULL,NULL,'TUTUYAN ','7111201106189210  ','MUH ALFATIH PAPUTUNGAN ','','2018-06-11 ',3,49,'SUDIRMAN PAPUTUNGAN ','2022-10-15 02:53:19','2022-10-15 02:53:19'),(96,42,8,NULL,NULL,NULL,'DODAP ','7111202905186372  ','EMIL MAPALULO BAWOTONG ','','2018-05-29 ',3,49,'ARYANTO MAPALULO ','2022-10-15 02:53:19','2022-10-15 02:53:19'),(97,1,1,NULL,'0','0','BUYAT INDUK ','7111303007196683  ','MUHAMAD AFANDY IMBAN ','','2019-07-30 ',3,49,'RISTO IMBAN ','2022-10-15 02:53:19','2022-10-15 02:53:19'),(98,47,5,NULL,NULL,NULL,'DESA MOYONGKOTA BARU ','7111505710192317  ','ZELITA ZENER GINOGA ','','2019-10-17 ',3,49,'MARTESA MAMONTO ','2022-10-15 02:53:19','2022-10-15 02:53:19'),(99,26,2,NULL,NULL,NULL,'DUSUN 1 ','7110042808190001  ','QINAN AL FATIH MAMONTO ','','2019-08-28 ',3,48,'ANDRA MAMONTO ','2022-10-15 02:53:19','2022-10-15 02:53:19'),(100,1,1,NULL,NULL,NULL,'buyat tengah ','7111306711188386  ','AQILA PAPUTUNGAN ','','2018-11-27 ',2,47,'HULMAN PAPUTUNGAN ','2022-10-15 02:53:19','2022-10-15 02:53:19'),(101,48,6,NULL,NULL,NULL,'DESA BONGKUDAI UTARA ','7110070107190011  ','GAVRIEL KALOH ','','2019-07-01 ',3,46,'AFRIA KAPUGU ','2022-10-15 02:53:19','2022-10-15 02:53:19'),(102,12,6,NULL,NULL,NULL,'DESA BONGKUDAI TIMUR ','7110072003180001  ','ALEXSANDRO PIRI ','','2018-03-20 ',2,49,'ALLEN PIRI ','2022-10-15 02:53:19','2022-10-15 02:53:19'),(103,36,2,NULL,'4','4','DSN 4 ','7110131119000411  ','MOH. AL SIDQI PAKAYA ','','2019-11-13 ',3,48,'NOFIA KANGO / RANDY PAKAYA ','2022-10-15 02:53:19','2022-10-15 02:53:19'),(104,49,6,NULL,NULL,NULL,'DESA GUAAN ','7110071408190001  ','VIDERLY KAPARANG ','','2019-08-14 ',2,44,'LINI GOBEL ','2022-10-15 02:53:19','2022-10-15 02:53:19'),(105,49,6,NULL,NULL,NULL,'DESA GUAAN ','7111411606193011  ','DEAN PATILIMA ','','2019-06-16 ',3,48,'IYOK PATILIMA ','2022-10-15 02:53:19','2022-10-15 02:53:19'),(106,50,2,NULL,'2','2','DSN 2 ','7110005012000463  ','ROHANA NAZFABILLAH ','','2020-01-05 ',3,48,'SITI M. LAUMEWA / RISMAN SUDARMADI ','2022-10-15 02:53:19','2022-10-15 02:53:19'),(107,19,2,NULL,NULL,NULL,'DSN ','7110151019000479  ','DEBIANA LONDA ','','2019-10-15 ',2,47,'WARTIASIH / LAMIONDA ','2022-10-15 02:53:19','2022-10-15 02:53:19'),(108,13,2,NULL,'2','2','dsn 2 ','7110301019000489  ','ALISHA A. G. LANGUYU ','','2019-10-30 ',2,47,'inggrit komaling / fadly lanuyu ','2022-10-15 02:53:19','2022-10-15 02:53:19'),(109,51,2,NULL,NULL,NULL,'dsn ','7110310718000496  ','BAGAS AYO PERMADI ','','2018-07-31 ',3,48,'dewi anjani / robin maulana ','2022-10-15 02:53:19','2022-10-15 02:53:19'),(110,11,8,NULL,NULL,NULL,'TOMBOLIKAT SELATAN ','7111201612193480  ','ALIANDO PAPUTUNGAN ','','2019-12-16 ',2,0,'RANDI PAPUTUNGAN ','2022-10-15 02:53:19','2022-10-15 02:53:19'),(111,11,8,NULL,NULL,NULL,'tombolikat selatan ','7111201612191081  ','ALFARO PAPUTUNGAN ','','2019-12-16 ',2,0,'randi paputungan ','2022-10-15 02:53:19','2022-10-15 02:53:19'),(112,11,8,NULL,NULL,NULL,'tombolikat selatan ','7111206712191542  ','DESWITA KHUMAIRAH ABRAM ','','2019-12-27 ',3,47,'rafi abram ','2022-10-15 02:53:19','2022-10-15 02:53:19'),(113,34,6,NULL,NULL,NULL,'DESA KOKAPOY ','7110071606180001  ','AKSER KARLOS ','','2018-06-16 ',2,40,'AKBER KARLOS ','2022-10-15 02:53:19','2022-10-15 02:53:19'),(114,32,6,NULL,NULL,NULL,'DESA MOKITOMPIA ','7110072809150001  ','ARISTIDE ELNATHAN WATUSEKE ','','2019-12-16 ',3,48,'GLENDY VICKY WATUSEKE ','2022-10-15 02:53:19','2022-10-15 02:53:19'),(115,32,6,NULL,NULL,NULL,'DESA MOKITOMPIA ','7111416001206611  ','KEYLEN KOAGOW ','','2020-01-20 ',2,46,'CHARLES KOAGOW ','2022-10-15 02:53:19','2022-10-15 02:53:19'),(116,28,8,NULL,NULL,NULL,'tutuyan ','7111201111192618  ','AYASKA ASLAH ','','2019-11-11 ',4,52,'rifky aslah ','2022-10-15 02:53:19','2022-10-15 02:53:19'),(117,52,8,NULL,NULL,NULL,'TUTUYAN II ','7111204302206650  ','NAZEVA ATUE ','','2018-02-03 ',3,49,'ZAENAL ATUE ','2022-10-15 02:53:19','2022-10-15 02:53:19'),(118,52,8,NULL,NULL,NULL,'TUITUYAN II ','7111204901208967  ','ANDI NUR ALFATIH PUTRI ','','2020-01-09 ',3,0,'ANDI TUHARDI ','2022-10-15 02:53:19','2022-10-15 02:53:19'),(119,52,8,NULL,NULL,NULL,'TUTUYAN II ','7111206311197797  ','ELSA WEOL ','','2019-11-23 ',2,47,'DANIEL WEOL ','2022-10-15 02:53:19','2022-10-15 02:53:19'),(120,43,8,NULL,NULL,NULL,'TUTUYAN III ','7111206909195491  ','NAZWA PAPUTUNGAN ','','2019-09-29 ',3,49,'SANTO PAPUTUNGAN ','2022-10-15 02:53:19','2022-10-15 02:53:19'),(121,19,2,NULL,'5','5','dsn 5 ','7110011012000545  ','ALDAN IBNU RATASHA ','','2020-01-11 ',3,48,'fitriani poniran / andie ahyani ','2022-10-15 02:53:19','2022-10-15 02:53:19'),(122,30,8,NULL,NULL,NULL,'togid ','7111201112191944  ','AKMAL AZZAM MANOPPO ','','2019-12-11 ',3,50,'jodi manoppo ','2022-10-15 02:53:19','2022-10-15 02:53:19'),(123,40,2,NULL,NULL,NULL,'dusun 2 ','7110041001200001  ','AFIF MAMONTO ','','2020-01-10 ',3,50,'siskawati m/veli mamonto ','2022-10-15 02:53:19','2022-10-15 02:53:19'),(124,12,5,NULL,NULL,NULL,'desa bongkudai ','7111504308199229  ','INAYA MAMONTO ','','2019-08-03 ',3,49,'yuni assi ','2022-10-15 02:53:19','2022-10-15 02:53:19'),(125,53,8,NULL,NULL,NULL,'dodap pantai ','7111201012197810  ','MANUELA TAKALAU ','','2019-12-10 ',3,49,'fernando takalau ','2022-10-15 02:53:19','2022-10-15 02:53:19'),(126,53,8,NULL,NULL,NULL,'DODAP ','7111205512192934  ','VALERIA CELESTINE MANUMPIL ','','2019-01-11 ',3,49,'SEFANI MANUMPIL ','2022-10-15 02:53:19','2022-10-15 02:53:19'),(127,45,5,NULL,NULL,NULL,'MOYONGKOTA ','7111502712199718  ','ATAYA NADIF R ','','2019-12-27 ',8,72,'JAMIRA MALOMIS ','2022-10-15 02:53:19','2022-10-15 02:53:19'),(128,39,5,NULL,NULL,NULL,'DESA PINONOBATUAN ','7111500906202928  ','ALUNA MAMONTO ','','2020-06-09 ',3,48,'AYU LESTARI ','2022-10-15 02:53:19','2022-10-15 02:53:19'),(129,54,5,NULL,NULL,NULL,'DESA BANGUNAN WUWUK TIMUR ','7111506004202126  ','KARUNIA Z. MARSYAM ','','2020-04-20 ',3,49,'MARDIANA MARSYAM ','2022-10-15 02:53:19','2022-10-15 02:53:19'),(130,44,5,NULL,NULL,NULL,'DESA INATON ','7111501304203060  ','TEGUH WIJAYA ','','2020-04-13 ',3,48,'SANTI BOKINGO ','2022-10-15 02:53:19','2022-10-15 02:53:19'),(131,1,1,NULL,NULL,NULL,'BUYAT TENGAH ','7111305208193327  ','PUTRI LAKUTU ','','2019-08-12 ',3,50,'HERDI LAKUTU ','2022-10-15 02:53:19','2022-10-15 02:53:19'),(132,17,1,NULL,NULL,NULL,'BUYAT SELATAN ','7111300509198569  ','ANUGERAH MANANEKE ','','2019-09-05 ',3,50,'FRENGKI MANANEKE ','2022-10-15 02:53:19','2022-10-15 02:53:19'),(133,17,1,NULL,NULL,NULL,'BUYAT SELATAN ','7111302912192649  ','ASRAF MODEONG ','','2019-12-29 ',3,48,'MULYONO MODEONG ','2022-10-15 02:53:19','2022-10-15 02:53:19'),(134,18,1,NULL,NULL,NULL,'BUYAT i ','7111304402209871  ','ZARA MODEONG ','','2020-02-04 ',2,46,'SALIMIN MODEONG ','2022-10-15 02:53:19','2022-10-15 02:53:19'),(135,3,3,NULL,NULL,NULL,'DUSUN  ','71100222112019  ','MUH YUSRIL KASIANG ','','2019-11-22 ',3,48,'SANTI lAODE ','2022-10-15 02:53:19','2022-10-15 02:53:19'),(136,36,2,NULL,NULL,NULL,'dusun 4 ','7110002008190002  ','HUMAIRA SYAKILA ','','2019-08-20 ',3,49,'mardianti sudarman/suhada ','2022-10-15 02:53:19','2022-10-15 02:53:19'),(137,4,3,NULL,NULL,NULL,'DUSUN 2 ','7110021108110001  ','MOH ROHAN ANANG ','','2019-10-26 ',3,49,'ROSITA BINOL ','2022-10-15 02:53:19','2022-10-15 02:53:19'),(138,15,3,NULL,NULL,NULL,'DUSUN 2 ','7110021905100019  ','SYANUM DIVA ZAKIA MODEONG ','','2019-11-14 ',3,50,'NURTINA GINOGA ','2022-10-15 02:53:19','2022-10-15 02:53:19'),(139,28,8,NULL,NULL,NULL,'tutuyan ','7111202902209274  ','AZRAEL WONOK ','','2020-02-29 ',3,48,'mario wonok ','2022-10-15 02:53:19','2022-10-15 02:53:19'),(140,1,1,NULL,NULL,NULL,'BUYAT TENGAH ','7111302212194668  ','RANDA PAPUTUNGAN ','','2019-12-22 ',3,48,'ANDI PAPUTUNGAN ','2022-10-15 02:53:19','2022-10-15 02:53:19'),(141,4,3,NULL,NULL,NULL,'DUSUN 2 ','7110020205180001  ','ALIFA LABABU ','','2017-12-18 ',3,49,'MARTINI MAMONTO ','2022-10-15 02:53:19','2022-10-15 02:53:19'),(142,27,3,NULL,NULL,NULL,'DS. ','7110025009190001  ','SITI HUMAIRAH ','','2019-09-10 ',3,48,'YULIANI DAMOPOLII ','2022-10-15 02:53:19','2022-10-15 02:53:19'),(143,4,3,NULL,NULL,NULL,'DS.5 ','7110022606190001  ','DEWA DAMONGI ','','2019-09-26 ',2,44,'NY INTAN YUSUF ','2022-10-15 02:53:19','2022-10-15 02:53:19'),(144,4,3,NULL,NULL,NULL,'DS.5 ','711002191090001  ','KHOIR JUMAAT ','','2019-10-19 ',2,49,'SAFITRI IBRAHIM ','2022-10-15 02:53:19','2022-10-15 02:53:19'),(145,55,3,NULL,NULL,NULL,'DUSUN 2 ','7110021912170001  ','QALIF MOKOGINTA ','','2017-12-19 ',2,46,'SUVINA RUNTUWENE ','2022-10-15 02:53:19','2022-10-15 02:53:19'),(146,55,3,NULL,NULL,NULL,'DUSUN N 2 ','7110021912170002  ','ZALIF MOKOGINTA ','','2017-12-19 ',2,5,'SUVINA RUNTUWENE ','2022-10-15 02:53:19','2022-10-15 02:53:19'),(147,14,1,NULL,NULL,NULL,'BUYAT BARAT ','7111302711181658  ','ISNANDAR LEKSANI ','','2018-11-27 ',3,50,'ANDIK ALPIANTO ','2022-10-15 02:53:19','2022-10-15 02:53:19'),(148,14,1,NULL,NULL,NULL,'BUYAT BARAT ','7111305404196610  ','DEA SUMOLANG ','','2019-04-14 ',3,50,'HASRU SUMOLANG ','2022-10-15 02:53:19','2022-10-15 02:53:19'),(149,14,1,NULL,NULL,NULL,'BUYAT BARAT ','7111306611197381  ','ZEA RURU ','','2019-11-26 ',3,50,'ISMAIL RURU ','2022-10-15 02:53:19','2022-10-15 02:53:19'),(150,14,1,NULL,NULL,NULL,'BUYAT BARAT ','7111305301203082  ','FAZIA LIMBANADI ','','2020-01-13 ',3,50,'LANDRI LIMBANADI ','2022-10-15 02:53:19','2022-10-15 02:53:19'),(151,25,1,NULL,NULL,NULL,'BUYAT II ','5108195263  ','KHOIRUNNISA MODEONG ','','2019-08-11 ',3,50,'M. RIZKI MODEONG ','2022-10-15 02:53:19','2022-10-15 02:53:19'),(152,55,3,NULL,NULL,NULL,'dusun 3 ','71100205122018  ','ALGIFARI MAKHENGGENG  ','','2018-12-05 ',4,49,'gita mokodompit ','2022-10-15 02:53:19','2022-10-15 02:53:19'),(153,55,3,NULL,NULL,NULL,'DS,1 ','7110021907190001  ','FIRMANSYAH OLII ','','2019-07-19 ',3,49,'YUNITA NURHAMIDIN ','2022-10-15 02:53:19','2022-10-15 02:53:19'),(154,55,3,NULL,NULL,NULL,'DS.2 ','7110022204190001  ','RAHMAN MANAHUMBING ','','2019-07-22 ',3,50,'YULIANTI NUANG ','2022-10-15 02:53:19','2022-10-15 02:53:19'),(155,55,3,NULL,NULL,NULL,'dusun 2 ','71100201112019  ','SITI SARAH SAMUEL ','','2019-11-01 ',3,49,'rosita modeong ','2022-10-15 02:53:19','2022-10-15 02:53:19'),(156,55,3,NULL,NULL,NULL,'DUSUN 3 ','711002010120001  ','MOH HAFIZI ','','2020-01-01 ',3,49,'CHIKA LAMATO ','2022-10-15 02:53:19','2022-10-15 02:53:19'),(157,31,3,NULL,NULL,NULL,'duusn 2 ','7110022511190001  ','TANZILAL MOKOAGOW ','','2019-11-25 ',2,41,'lisa saserang ','2022-10-15 02:53:19','2022-10-15 02:53:19'),(158,47,5,NULL,NULL,NULL,'DESA MOYONGKOTA BARU ','7111505906208689  ','KIARA ANISA MOKOGINTA ','','2020-06-19 ',4,51,'SRI ENDANG MAMONTO ','2022-10-15 02:53:19','2022-10-15 02:53:19'),(159,15,3,NULL,NULL,NULL,'DUSUN 1 ','7110025604200001  ','ALIZA HARUNA ','','2020-04-16 ',2,46,'FATIMA LOMBOK ','2022-10-15 02:53:19','2022-10-15 02:53:19'),(160,15,3,NULL,NULL,NULL,'DS.1 ','71100021234568  ','PUTRI ARUMI ','','2020-06-26 ',3,50,'NURUL FATIA ','2022-10-15 02:53:19','2022-10-15 02:53:19'),(161,33,7,NULL,NULL,NULL,'nuangan ','7111105612195832  ','KIARA NATASHA DAMOPOLII ','','2019-12-16 ',4,50,'akbar damopolii ','2022-10-15 02:53:19','2022-10-15 02:53:19'),(162,56,7,NULL,NULL,NULL,'DESA IDUMUN ','7111106709192056  ','FAHIRA MAMONTO ','','2019-09-27 ',4,50,'FAHRI MAMONTO ','2022-10-15 02:53:19','2022-10-15 02:53:19'),(163,39,5,NULL,NULL,NULL,'DESA PINONOBATUAN ','7111500611192097  ','ALFANREY MAMONTO ','','2019-11-06 ',3,49,'SINDY MAMONTO ','2022-10-15 02:53:19','2022-10-15 02:53:19'),(164,7,6,NULL,NULL,NULL,'DESA MOOAT ','7110074305300001  ','ARSYI MAMONTO ','','2020-05-03 ',3,49,'RESI MAMONTO ','2022-10-15 02:53:19','2022-10-15 02:53:19'),(165,10,8,NULL,NULL,NULL,'tombolikat ','7111201703209057  ','ARMANA MALIK ','','2020-03-17 ',3,49,'yaman  ','2022-10-15 02:53:19','2022-10-15 02:53:19'),(166,10,8,NULL,NULL,NULL,'tombolikat ','7111200307208258  ','JULIAN LAPIAN ','','2020-07-03 ',3,46,'yanto lapian ','2022-10-15 02:53:19','2022-10-15 02:53:19'),(167,11,8,NULL,NULL,NULL,'tombolikat selatan ','7111202705207837  ','DAVA SANGKALA ','','2020-05-27 ',4,51,'ivan sangkala ','2022-10-15 02:53:19','2022-10-15 02:53:19'),(168,28,8,NULL,NULL,NULL,'tutuyan ','7111200905201145  ','AIDIN SYAFIK AKMAL ','','2020-05-09 ',4,52,'akmal yusuf ','2022-10-15 02:53:19','2022-10-15 02:53:19'),(169,52,8,NULL,NULL,NULL,'tutuyan ii ','7111201403205236  ','VIRGIAWAN PAPUTUNGAN ','','2020-03-14 ',3,0,'julmin paputungan ','2022-10-15 02:53:19','2022-10-15 02:53:19'),(170,57,4,NULL,NULL,NULL,'dusun 2 ','7111115502192391  ','FELICIA JESELYN MANTIRI MANDAK ','','2019-02-15 ',3,48,'fany mantiri ','2022-10-15 02:53:19','2022-10-15 02:53:19'),(171,58,4,NULL,NULL,NULL,'dusun 1 ','7111114806209881  ','JUANITA GWIN KUERA ','','2020-06-08 ',3,48,'ikbal kuera ','2022-10-15 02:53:19','2022-10-15 02:53:19'),(172,21,4,NULL,NULL,NULL,'dusun 2 ','7111115707205841  ','KHANZA ZULAIKA ORANYE ','','2020-07-17 ',3,48,'karno oranye ','2022-10-15 02:53:19','2022-10-15 02:53:19'),(173,36,2,NULL,NULL,NULL,'dusun 3 ','7110001303200001  ','SLAMET ISYRAD ','','2020-03-13 ',3,50,'irwan sopian/sri muningsih ','2022-10-15 02:53:19','2022-10-15 02:53:19'),(174,2,2,NULL,NULL,NULL,'DUSUN 6 ','7110001602020011  ','ALULA AFWA FAIZA ','','2020-03-16 ',3,48,'HARIATI LOMBAN / ADE WIJAYA ICLAS ','2022-10-15 02:53:19','2022-10-15 02:53:19'),(175,2,2,NULL,NULL,NULL,'DUSUN 1 ','7110000306202011  ','SULTAN MAULANA HASAN ','','2020-06-03 ',3,48,'MITA PAPUTUNGAN / SOPIAN HASAN ','2022-10-15 02:53:19','2022-10-15 02:53:19'),(176,50,2,NULL,NULL,NULL,'DUSUN 2 ','7110042503200011  ','BASHWARA C.P.LAUMEWA ','','2020-03-25 ',3,49,'HAMSA LAUMEWA/DEWI ANGGRAINI ','2022-10-15 02:53:19','2022-10-15 02:53:19'),(177,14,1,NULL,NULL,NULL,'BUYAT BARAT ','7111306504203802  ','CHIKA LOKIMAN ','','2020-04-25 ',3,49,'ARUNG LOKIMAN ','2022-10-15 02:53:19','2022-10-15 02:53:19'),(178,2,2,NULL,NULL,NULL,'DUSUN 5 ','7110002104202011  ','KIANO ALDHAFI RAMADANI ','','2020-04-21 ',3,47,'SUMIRA LAOH / SUPANDI TUKIRAN ','2022-10-15 02:53:19','2022-10-15 02:53:19'),(179,24,4,NULL,NULL,NULL,'dusun 1 ','7111116606207481  ','AZKIA AZALEA MAMANGKAY ','','2020-06-26 ',3,48,'hartanto mamangkai ','2022-10-15 02:53:19','2022-10-15 02:53:19'),(180,35,6,NULL,NULL,NULL,'DESA BONGKUDAI SELATAN ','7111415705204211  ','JELOVE KAPUGU ','','2020-05-17 ',3,46,'JEMI KAPUGU ','2022-10-15 02:53:19','2022-10-15 02:53:19'),(181,19,2,NULL,NULL,NULL,'dusun 5 ','7100003004202002  ','ARUMI MASHA ','','2020-04-30 ',3,48,'vivi andriani / suhendra sajuri ','2022-10-15 02:53:19','2022-10-15 02:53:19'),(182,55,3,NULL,NULL,NULL,'DS.2 ','7110002123456566  ','SILVA KARINA ','','2020-06-13 ',3,49,'SERLY T ','2022-10-15 02:53:19','2022-10-15 02:53:19'),(183,56,7,NULL,NULL,NULL,'IDUMUN ','7111101309199982  ','ALFIJRI MAMONTO ','','2019-09-03 ',4,50,'ALFAN MAMONTO ','2022-10-15 02:53:19','2022-10-15 02:53:19'),(184,56,7,NULL,NULL,NULL,'idumun ','7111101209192684  ','MOH IRSYAD MAMONTO ','','2019-09-12 ',4,50,'riki mamonto ','2022-10-15 02:53:19','2022-10-15 02:53:19'),(185,41,4,NULL,NULL,NULL,'dusun 1 ','7111114502207921  ','MYESHA MEDINA MAMONTO ','','2020-02-05 ',2,48,'mudrik mamonto ','2022-10-15 02:53:19','2022-10-15 02:53:19'),(186,5,4,NULL,NULL,NULL,'dusun 2 ','7111116502205670  ','WISKA PUTRI BAHANSUBU ','','2020-02-25 ',3,47,'mukhlis bahansubu ','2022-10-15 02:53:19','2022-10-15 02:53:19'),(187,1,1,NULL,NULL,NULL,'BUYAT ','71113017051487  ','ATTAR DONDO ','','2020-05-17 ',3,47,'RAMDAS DONDO ','2022-10-15 02:53:19','2022-10-15 02:53:19'),(188,26,2,NULL,NULL,NULL,'dusun 6 ','7110002003200002  ','FAIQAH M.K.MAMONTO ','','2020-07-20 ',3,49,'burhan mamonto/ linia d.mamonto ','2022-10-15 02:53:19','2022-10-15 02:53:19'),(189,59,4,NULL,NULL,NULL,'dusun 2 ','7111116705207781  ','WANDIRA PANDOI ','','2020-05-27 ',3,48,'mijin pandoi ','2022-10-15 02:53:19','2022-10-15 02:53:19'),(190,59,4,NULL,NULL,NULL,'dusun 2 ','7111110607208352  ','FATHUR ABDAL LANGKE ','','2020-07-06 ',3,48,'ambai langke ','2022-10-15 02:53:19','2022-10-15 02:53:19'),(191,60,4,NULL,NULL,NULL,'DUSUN 2 ','7111110405204881  ','ZAHFIN ALHANAN TICOALU ','','2020-05-04 ',3,48,'HANI TICOALU ','2022-10-15 02:53:19','2022-10-15 02:53:19'),(192,56,7,NULL,NULL,NULL,'idumun ','7111104306204329  ','LIZA MAMONTO ','','2020-06-03 ',4,50,'tiwi mamonto ','2022-10-15 02:53:19','2022-10-15 02:53:19'),(193,25,1,NULL,NULL,NULL,'BUYAT II ','7111300606201207  ','ZEIN ZAFAR ','','2020-06-06 ',3,49,'AMAR ZAFAR ','2022-10-15 02:53:19','2022-10-15 02:53:19'),(194,1,1,NULL,NULL,NULL,'BUYAT TENGAH ','7111300804209122  ','MUH. ZIKRI HAMSA ','','2020-04-08 ',3,48,'ISMAN HAMSA ','2022-10-15 02:53:19','2022-10-15 02:53:19'),(195,1,1,NULL,NULL,NULL,'BUYAT TENGAH ','7111301201201593  ','RAZIK MOKOGINTA ','','2020-01-12 ',3,45,'HANLY MOKOGINTA ','2022-10-15 02:53:19','2022-10-15 02:53:19'),(196,1,1,NULL,NULL,NULL,'BUYAT TENGAH ','7111306106202635  ','NAURIN KOROMPOT ','','2020-06-21 ',3,50,'SUSRAWI KOROMPOT ','2022-10-15 02:53:19','2022-10-15 02:53:19'),(197,1,1,NULL,NULL,NULL,'BUYAT TENGAH ','7111306407207674  ','KIRANIA LIMBANADI ','','2020-06-24 ',3,50,'INDRA LIMBANADI ','2022-10-15 02:53:19','2022-10-15 02:53:19'),(198,61,7,NULL,NULL,NULL,'matabulu ','7111106207202282  ','IFTINA DJARANGKALA ','','2020-07-22 ',4,50,'usman djarangkala ','2022-10-15 02:53:19','2022-10-15 02:53:19'),(199,61,7,NULL,NULL,NULL,'matabulu ','7111102707188737  ','MOH Q MOKODOMPIT ','','2018-07-27 ',4,0,'judin mokodompit ','2022-10-15 02:53:19','2022-10-15 02:53:19'),(200,49,6,NULL,NULL,NULL,'DESA GUAAN ','7111410505209811  ','RAINHART SUOTH ','','2020-05-05 ',3,49,'MARCELINO SUOTH ','2022-10-15 02:53:19','2022-10-15 02:53:19'),(201,49,6,NULL,NULL,NULL,'DESA GUAAN ','7110072303420001  ','MICHAEL KAWENGIAN ','','2020-04-23 ',3,49,'GLEDIES SANGER ','2022-10-15 02:53:19','2022-10-15 02:53:19'),(202,49,6,NULL,NULL,NULL,'DESA GUAAN ','7110075906200001  ','CHENSIA POLUAN ','','2020-06-19 ',3,48,'KENDY MUMEK ','2022-10-15 02:53:19','2022-10-15 02:53:19'),(203,30,8,NULL,NULL,NULL,'TOGID ','7111204104209292  ','CUT NACITA AMRI ','','2020-04-01 ',2,0,'FAISAL AMRI ','2022-10-15 02:53:19','2022-10-15 02:53:19'),(204,43,8,NULL,NULL,NULL,'tutuyan iii ','7111207107205544  ','JULIA RORY ','','2020-07-31 ',2,43,'jon rory ','2022-10-15 02:53:19','2022-10-15 02:53:19'),(205,43,8,NULL,NULL,NULL,'tutuyan iii ','7111202007208500  ','EZAR TAMA ','','2020-07-20 ',3,47,'yeyen tama ','2022-10-15 02:53:19','2022-10-15 02:53:19'),(206,53,8,NULL,NULL,NULL,'DODAP PANTAI ','7111203108204936  ','GLIFENLY SIAGE ','','2018-08-31 ',3,49,'YUSUF SIAGE ','2022-10-15 02:53:19','2022-10-15 02:53:19'),(207,42,8,NULL,NULL,NULL,'DODAP ','7111202508194516  ','YEHESKIEL BAWOLE ','','2019-08-25 ',3,49,'EDUARDO BAWOLE ','2022-10-15 02:53:19','2022-10-15 02:53:19'),(208,62,7,NULL,NULL,NULL,'nuangan 1 ','7111106403207473  ','FAIKA MUTIA SIMBALA ','','2020-03-24 ',4,50,'tumaidi simbala ','2022-10-15 02:53:19','2022-10-15 02:53:19'),(209,42,8,NULL,NULL,NULL,'DODAP  ','7111202507204527  ','NEANDRO SABIA DAMARE ','','2020-07-25 ',3,0,'DONI DAMARE ','2022-10-15 02:53:19','2022-10-15 02:53:19'),(210,42,8,NULL,NULL,NULL,'DODAP  ','7111205303207828  ','MIRABETH VALERY ARUNDAA ','','2020-03-13 ',4,49,'JEFRI ARUNDAA ','2022-10-15 02:53:19','2022-10-15 02:53:19'),(211,19,2,NULL,NULL,NULL,'dusun 1 ','7110042206200002  ','ERLANGSA PUTRA SUDIRYO ','','2020-06-22 ',3,55,'dedik surawan/sumarni ','2022-10-15 02:53:19','2022-10-15 02:53:19'),(212,19,2,NULL,NULL,NULL,'dusun 1 ','7110042003200002  ','INSYIRAH QANIYAH ','','2020-03-20 ',3,50,'turimin/crisnawati ','2022-10-15 02:53:19','2022-10-15 02:53:19'),(213,26,2,NULL,NULL,NULL,'dusun 5 ','7110042108200001  ','AKHDAN FARRAS ZIYAB MOKOAGOW ','','2020-08-21 ',3,50,'arman mokoagow/irawati ','2022-10-15 02:53:19','2022-10-15 02:53:19'),(214,37,2,NULL,NULL,NULL,'DUSUN 4 ','7110045610200001  ','SISKA MAMONTO ','','2020-10-06 ',3,50,'SAMOLONG MAMONTO/ROSINA MAMONTO ','2022-10-15 02:53:19','2022-10-15 02:53:19'),(215,38,2,NULL,NULL,NULL,'DUSUN 2 ','7110041512200001  ','AKHTAR KAFARAN MOKOGINTA ','','2020-12-15 ',3,50,'JULVAN MOKOGINTA/SITI S.SAU ','2022-10-15 02:53:19','2022-10-15 02:53:19'),(216,47,5,NULL,NULL,NULL,'DESA MOYONGKOTA BARU ','7111502409204690  ','FILDAN PODOMI ','','2020-09-24 ',3,49,'NURIJA MOKOGINTA ','2022-10-15 02:53:19','2022-10-15 02:53:19'),(217,15,3,NULL,NULL,NULL,'DS.4 ','71100262100001  ','TIRSA OLIVIA ','','2020-10-22 ',3,49,'OGI PANGAILA ','2022-10-15 02:53:19','2022-10-15 02:53:19'),(218,16,2,NULL,NULL,NULL,'DUSUN 5 ','7110041011200000  ','MOH.ZAKI ABDUL ','','2020-11-10 ',3,50,'ARUN ABJUL/RINY LOMPU ','2022-10-15 02:53:19','2022-10-15 02:53:19'),(219,29,3,NULL,'0','0','DS 3 ','711002150820001  ','ASRAN MOKOGINTA ','','2020-08-15 ',3,48,'SUMIATI MOKOGINTA ','2022-10-15 02:53:19','2022-10-15 02:53:19'),(220,29,3,NULL,NULL,NULL,'ds 2 ','7235723752387328  ','SHANUM SHALIHAH MODEONG ','','2021-01-30 ',4,49,'febrianto modeong ','2022-10-15 02:53:19','2022-10-15 02:53:19'),(221,16,2,NULL,NULL,NULL,'dusun 2 ','7110042109000000  ','TRI DEO BAWONTONG ','','2020-09-21 ',3,49,'viona anthony/dedy bawontong ','2022-10-15 02:53:19','2022-10-15 02:53:19'),(222,4,3,NULL,NULL,NULL,'DS. 2 ','3209328327238923  ','MUH RIDEL MULAMAKU ','','2020-11-02 ',4,50,'DELA KODU ','2022-10-15 02:53:19','2022-10-15 02:53:19'),(223,3,3,NULL,NULL,NULL,'dusun 2 ','7111304908208974  ','ZALFA LABABU ','','2020-08-09 ',3,48,'sintia due ','2022-10-15 02:53:19','2022-10-15 02:53:19'),(224,31,3,NULL,NULL,NULL,'DUSUN 4 ','8378723982387487  ','BADI UZZAMAN ','','2020-07-13 ',3,49,'DELLA PUSPITA ','2022-10-15 02:53:19','2022-10-15 02:53:19'),(225,31,3,NULL,NULL,NULL,'DUSUN 2 ','7110025601210001  ','SAHLA RAZETA PATAHE ','','2021-01-16 ',3,49,'HARDIANTI ASINANG ','2022-10-15 02:53:19','2022-10-15 02:53:19'),(226,63,5,NULL,NULL,NULL,'DESA BONGKUDAI BARAT ','7110052509200001  ','ARKANA A. POBELA ','','2020-09-25 ',2,48,'RETNO POBELA ','2022-10-15 02:53:19','2022-10-15 02:53:19'),(227,36,2,NULL,NULL,NULL,'DUSUN 4 ','7110001301202101  ','RIFQI ALFARIZY  ','','2021-01-13 ',3,47,'JULIANTI SUDJIRI / SURYANSA RUKINEN ','2022-10-15 02:53:19','2022-10-15 02:53:19'),(228,55,3,NULL,NULL,NULL,'DUSUN 2 ','7111305406206947  ','DIVA MASHANAFI ','','2020-06-14 ',2,46,'SUNARTI ','2022-10-15 02:53:19','2022-10-15 02:53:19'),(229,55,3,NULL,NULL,NULL,'DS,2 ','7110024912200001  ','ZAYAN MAMONTO ','','2020-12-09 ',3,49,'HASNI MUHAMAD ','2022-10-15 02:53:19','2022-10-15 02:53:19'),(230,12,5,NULL,NULL,NULL,'desa bongkudai ','7111501011209764  ','MOH. ALFATUR POTABUGA ','','2020-11-10 ',3,49,'hasni paputungan ','2022-10-15 02:53:19','2022-10-15 02:53:19'),(231,1,1,NULL,NULL,NULL,'BUYAT TENGAH ','7111304512204742  ','MADINAH GOBEL ','','2020-12-05 ',3,49,'AGIT GOBEL ','2022-10-15 02:53:19','2022-10-15 02:53:19'),(232,43,8,NULL,NULL,NULL,'tutuyan iii ','7111205901216978  ','JELOFNI S MAWELU ','','2021-01-19 ',3,48,'janson maweru ','2022-10-15 02:53:19','2022-10-15 02:53:19'),(233,52,8,NULL,NULL,NULL,'tutuyan ii ','7111200805202080  ','MUH HASNAN PAPUTUNGAN ','','2020-05-08 ',3,49,'murjianto paputungan ','2022-10-15 02:53:19','2022-10-15 02:53:19'),(234,52,8,NULL,NULL,NULL,'TUTUYAN II ','7111202205202532  ','DIVANDRA MAMONTO ','','2020-05-22 ',3,49,'AFAN MAMONTO ','2022-10-15 02:53:19','2022-10-15 02:53:19'),(235,52,8,NULL,NULL,NULL,'tutuyan ii ','7111201208202682  ','ARSYA SYAHPUTRA PAPUTUNGAN ','','2020-08-12 ',3,48,'tomy paputungan ','2022-10-15 02:53:19','2022-10-15 02:53:19'),(236,52,8,NULL,NULL,NULL,'tuutuyan ii ','7111201907206805  ','DHAFI ARRAZI MAYO ','','2020-07-19 ',2,43,'herianto mayo ','2022-10-15 02:53:19','2022-10-15 02:53:19'),(237,52,8,NULL,NULL,NULL,'tutuyan ii ','7111202212209786  ','AQILA SYAFIRA MARTOPRAWIRO ','','2020-12-22 ',3,48,'supriadi martoprawiro ','2022-10-15 02:53:19','2022-10-15 02:53:19'),(238,59,4,NULL,NULL,NULL,'dusun 2 ','7111112610203501  ','KHAIZURAN DAMO ','','2020-10-26 ',3,48,'salman damo ','2022-10-15 02:53:19','2022-10-15 02:53:19'),(239,57,4,NULL,NULL,NULL,'dusun 2 ','7111112911203064  ','VILHY DEREK ','','2020-11-29 ',3,48,'ficky derek ','2022-10-15 02:53:19','2022-10-15 02:53:19'),(240,46,7,NULL,NULL,NULL,'nuangan barat ','7111104110204998  ','PUTRI JINGGA KOLOPITA ','','2020-10-01 ',3,48,'silva paputungan ','2022-10-15 02:53:19','2022-10-15 02:53:19'),(241,64,7,NULL,NULL,NULL,'bai ','7111101109205699  ','KAYSA LATIF ','','2020-09-11 ',3,50,'atin latif ','2022-10-15 02:53:19','2022-10-15 02:53:19'),(242,28,8,NULL,NULL,NULL,'tutuyan ','7111202401209999  ','JOVANDRI PULU ','','2020-01-24 ',2,46,'randy pulu ','2022-10-15 02:53:19','2022-10-15 02:53:19'),(243,28,8,NULL,NULL,NULL,'tutuyan ','7111202612201713  ','DELON JOINS KAILI ','','2020-12-26 ',2,47,'yones kaili ','2022-10-15 02:53:19','2022-10-15 02:53:19'),(244,12,6,NULL,NULL,NULL,'DESA BONGKUDAI TIMUR ','7110070308200011  ','AGLYA F. C. KAMUH ','','2020-08-03 ',3,44,'FADLY KAMUH ','2022-10-15 02:53:19','2022-10-15 02:53:19'),(245,21,4,NULL,NULL,NULL,'dusun i ','7111112005202223  ','RAVAEL MAKAREWA ','','2020-05-20 ',3,47,'jhon makarewa ','2022-10-15 02:53:19','2022-10-15 02:53:19'),(246,7,6,NULL,NULL,NULL,'DESA MOOAT ','7110077108200001  ','NAURA ANINDIRA MAMONTO ','','2020-08-31 ',3,49,'SAMIN MAMONTO ','2022-10-15 02:53:19','2022-10-15 02:53:19'),(247,42,8,NULL,NULL,NULL,'dodap ','7111205312204795  ','TANTRI LUA ','','2020-12-13 ',2,0,'fengri lua ','2022-10-15 02:53:19','2022-10-15 02:53:19'),(248,41,4,NULL,NULL,NULL,'dusun 2 ','7111110901212622  ','ALFAT KILAPONG ','','2021-01-09 ',5,48,'rizky kilapong ','2022-10-15 02:53:19','2022-10-15 02:53:19'),(249,19,2,NULL,NULL,NULL,'dusun 1 ','7110000041220201  ','ATHA RAYHAAN ALFAREZI ','','2020-12-04 ',3,48,'desy prastya /dodi prasetya ','2022-10-15 02:53:19','2022-10-15 02:53:19'),(250,14,1,NULL,NULL,NULL,'BUYAT BARAT ','7111305501216965  ','NILAM MOKO ','','2021-01-15 ',3,49,'SUPARTO MOKO ','2022-10-15 02:53:19','2022-10-15 02:53:19'),(251,49,6,NULL,NULL,NULL,'DESA GUAAN  ','7110072512200001  ','CHRISTABEL MAILOOL ','','2020-12-25 ',3,47,'VALEN MAILOOL ','2022-10-15 02:53:19','2022-10-15 02:53:19'),(252,35,6,NULL,NULL,NULL,'DESA BONGKUDAI SELATAN ','7111410709205911  ','AGRAEL SUMUAL ','','2020-09-07 ',3,49,'RICARDO SUMUAL ','2022-10-15 02:53:19','2022-10-15 02:53:19'),(253,32,6,NULL,NULL,NULL,'DESA MOKITOMPIA ','7111411612208611  ','KEYLER RARANTA ','','2020-12-16 ',3,49,'LANDI RARANTA ','2022-10-15 02:53:19','2022-10-15 02:53:19'),(254,32,6,NULL,NULL,NULL,'DESA MOKITOMPIA ','7110071011200001  ','REIGINO KOHO ','','2020-11-10 ',3,49,'BARTEN KOHO ','2022-10-15 02:53:19','2022-10-15 02:53:19'),(255,47,5,NULL,NULL,NULL,'desa moyongkota baru ','7111501302212129  ','AZZAM NAZRIL ','','2021-02-13 ',3,49,'SINTA MAMONTO ','2022-10-15 02:53:19','2022-10-15 02:53:19'),(256,47,5,NULL,NULL,NULL,'DESA MOYONGKOTA BARU ','7111501102212161  ','MOH. AFNAN A. PODOMI ','','2021-02-11 ',3,48,'JELITA MAMONTO ','2022-10-15 02:53:19','2022-10-15 02:53:19'),(257,39,5,NULL,NULL,NULL,'DESA PINONOBATUAN ','7111503101218694  ','RICHARD GIBRAN MAMONTO ','','2021-01-31 ',4,49,'SILVIA MAMONTO ','2022-10-15 02:53:19','2022-10-15 02:53:19'),(258,60,4,NULL,NULL,NULL,'dusun 3 ','7111110210206911  ','FAYYAD RAFIZKY SAMALO ','','2020-10-02 ',3,47,'isra samalo ','2022-10-15 02:53:19','2022-10-15 02:53:19'),(259,24,4,NULL,NULL,NULL,'dusun 3 ','7111111012205901  ','BANU SYAKIE MOKOGINTA ','','2020-12-10 ',5,55,'firji mokoginta ','2022-10-15 02:53:19','2022-10-15 02:53:19'),(260,6,5,NULL,NULL,NULL,'desa moonow ','7111504202218433  ','FHANIYA W, SAMEDO ','','2021-02-02 ',3,49,'marlina gobel ','2022-10-15 02:53:19','2022-10-15 02:53:19'),(261,12,5,NULL,NULL,NULL,'DESA BONGKUDAI ','7111502501213203  ','IBNU HARIS ','','2021-01-25 ',3,48,'SARINTAN MALOPPO ','2022-10-15 02:53:19','2022-10-15 02:53:19'),(262,19,2,NULL,NULL,NULL,'DUSUN 3 ','7110040103210011  ','QYAS ALQORY ','','2021-03-01 ',2,46,'SANDI SAPUTRA/RAHAYU W ','2022-10-15 02:53:19','2022-10-15 02:53:19'),(263,11,8,NULL,NULL,NULL,'TOMBOLIKAT SELATAN ','7111201304217958  ','RAFASYA KENZIE MANOPPO ','','2021-01-28 ',3,48,'IRWANTO MANOPPO ','2022-10-15 02:53:19','2022-10-15 02:53:19'),(264,53,8,NULL,NULL,NULL,'DODAP PANTAI ','7111202211209067  ','KAESA INJINIO ANTARIA ','','2020-11-22 ',3,50,'INDRIL ANTARIA ','2022-10-15 02:53:19','2022-10-15 02:53:19'),(265,1,1,NULL,NULL,NULL,'BUYAT TENGAH ','7111301802188250  ','FEBRIANSYAH LARUNGPONDO ','','2018-02-18 ',3,49,'MUHIDIN LARUNGPANDO ','2022-10-15 02:53:19','2022-10-15 02:53:19'),(266,30,8,NULL,NULL,NULL,'togid ','7111201008202220  ','HAFIZ SYADI MAMONTO ','','2020-08-10 ',3,48,'yodi mamonto ','2022-10-15 02:53:19','2022-10-15 02:53:19'),(267,30,8,NULL,NULL,NULL,'togid ','7111200403214841  ','IKSAN AZZAN RANTUNG ','','2021-03-04 ',3,49,'ali rantung ','2022-10-15 02:53:19','2022-10-15 02:53:19'),(268,39,5,NULL,NULL,NULL,'DESA PINONOBATUAN ','7111502103211886  ','AMZAR YUMELING ','','2021-03-21 ',3,49,'FIRAWATI KOLOPITA ','2022-10-15 02:53:19','2022-10-15 02:53:19'),(269,27,3,NULL,NULL,NULL,'DS.2 ','711002210221001  ','FATHAN AL-BIZAR PAPUTUNGAN ','','2021-02-21 ',3,50,'AMBARWATI BESSE ','2022-10-15 02:53:19','2022-10-15 02:53:19'),(270,26,2,NULL,NULL,NULL,'DUSUN 2 ','7111400502212603  ','RAYYA PUTRI HASANIA ','','2021-02-05 ',3,50,'HENDRA HASANIA/LIAN USMAN ','2022-10-15 02:53:19','2022-10-15 02:53:19'),(271,19,2,NULL,NULL,NULL,'DUSUN 4 ','7111400205217649  ','RAJENDRA TSAQIF R ','','2021-05-02 ',3,51,'KRESWANTO SUMARDI/SUTRIANI MOHAMMAD ','2022-10-15 02:53:19','2022-10-15 02:53:19'),(272,19,2,NULL,NULL,NULL,'DUSUN 1 ','7111401302214811  ','ALDO SEPTIAN ','','2021-02-13 ',3,49,'SURIANTO/SRIATI MAMONTO ','2022-10-15 02:53:19','2022-10-15 02:53:19'),(273,36,2,NULL,NULL,NULL,'DUSUN 4 ','7111402201214811  ','HAFIZ KURNIAWAN ','','2021-01-22 ',3,50,'KURNIAWAN AHMAD/SERINA ANGGRAINI ','2022-10-15 02:53:19','2022-10-15 02:53:19'),(274,19,2,NULL,NULL,NULL,'DUSUN 1 ','7111405305217011  ','NOVI NURAINI ','','2021-03-01 ',3,50,'RAHMAT/WIDIA N ','2022-10-15 02:53:19','2022-10-15 02:53:19'),(275,40,2,NULL,NULL,NULL,'DUSUN 2 ','7111403011201919  ','VINCENT D KORNALES ','','2020-11-30 ',3,50,'ANDRIS A KORNALES/MYTA C TAMALING ','2022-10-15 02:53:19','2022-10-15 02:53:19'),(276,19,2,NULL,NULL,NULL,'dusun 1 ','7111404103217528  ','HANUM SASTA ','','2021-03-01 ',3,50,'eko purnomo/yulita salin ','2022-10-15 02:53:19','2022-10-15 02:53:19'),(277,39,5,NULL,NULL,NULL,'desa pinonobatuan ','7111505904219785  ','FAUJIAH APRILIA MAMONTO ','','2021-04-19 ',4,49,'trinadira pontoh ','2022-10-15 02:53:19','2022-10-15 02:53:19'),(278,16,2,NULL,NULL,NULL,'dusun 4 ','7111400504219614  ','GHIBRAN IRFARIYAH MAMONTO ','','2021-04-05 ',3,50,'candra mamonto/fitri lentang ','2022-10-15 02:53:19','2022-10-15 02:53:19'),(279,47,5,NULL,NULL,NULL,'DESA MOYONGKOTA BARU ','7111502606216075  ','ALAGIN DONDO ','','2021-06-26 ',3,47,'YUNITA MAMONTO ','2022-10-15 02:53:19','2022-10-15 02:53:19'),(280,4,3,NULL,NULL,NULL,'ds.1 ','7111306703213891  ','SAFIA POTABUGA ','','2021-03-27 ',3,50,'fajriani mokobombang ','2022-10-15 02:53:19','2022-10-15 02:53:19'),(281,47,5,NULL,NULL,NULL,'DESA MOYONGKOTA BARU ','7111502905211095  ','MOH. NIZAM MAMONTO ','','2021-05-29 ',3,48,'HILDA MAMONTO ','2022-10-15 02:53:19','2022-10-15 02:53:19'),(282,45,5,NULL,NULL,NULL,'desa moyongkota ','7111500206214937  ','NOUVAL MAMONTO ','','2021-06-02 ',3,48,'novia mamonto ','2022-10-15 02:53:19','2022-10-15 02:53:19'),(283,7,6,NULL,NULL,NULL,'DESA MOOAT ','7110070203210001  ','ANDREW KORDAK ','','2021-03-02 ',2,48,'LEON S. KORDAK ','2022-10-15 02:53:19','2022-10-15 02:53:19'),(284,7,6,NULL,NULL,NULL,'DESA MOOAT ','240421468511  ','ALVA APDIEL PALELATI ','','2021-04-24 ',3,49,'VERI PALELATI ','2022-10-15 02:53:19','2022-10-15 02:53:19'),(285,55,3,NULL,NULL,NULL,'DS.1 ','7111301506217304  ','RAFKA DAFADAN ','','2021-06-15 ',3,48,'AISA PODUNGGE ','2022-10-15 02:53:19','2022-10-15 02:53:19'),(286,16,2,NULL,NULL,NULL,'DUSUN 9 ','7111401706212459  ','JENNIFER P ','','2021-06-17 ',3,45,'ANJAS P/BELLA NGANTUNG ','2022-10-15 02:53:19','2022-10-15 02:53:19'),(287,59,4,NULL,NULL,NULL,'dusun 1 ','7111112403218251  ','AFNAN ATMA SALEHE ','','2021-03-24 ',3,48,'rian salehe ','2022-10-15 02:53:19','2022-10-15 02:53:19'),(288,12,6,NULL,NULL,NULL,'DESA BONGKUDAI TIMUR ','7110072403210001  ','MICHEIS MAMAHIT ','','2021-03-24 ',3,50,'LODI MAMAHIT ','2022-10-15 02:53:19','2022-10-15 02:53:19'),(289,12,5,NULL,NULL,NULL,'desa bongkudai ','7111500307214177  ','AKTAR ZIKRI ','','2021-07-03 ',3,49,'mitra bangol ','2022-10-15 02:53:19','2022-10-15 02:53:19'),(290,8,6,NULL,NULL,NULL,'DESA MOTOTOMPIAAN ','7110073003210003  ','KINGLI KASENDA ','','2021-03-30 ',3,49,'FERNAL KASENDA ','2022-10-15 02:53:19','2022-10-15 02:53:19'),(291,35,6,NULL,NULL,NULL,'DESA BONGKUDAI SELATAN ','7110070412200001  ','MIRZA BRANDON POLUAN ','','2020-12-04 ',3,50,'MILKI POLUAN ','2022-10-15 02:53:19','2022-10-15 02:53:19'),(292,49,6,NULL,NULL,NULL,'DESA GUAAN ','7111417008181611  ','LOVELY BELLA ','','2018-08-30 ',4,50,'ANDI BELLA ','2022-10-15 02:53:19','2022-10-15 02:53:19'),(293,42,8,NULL,NULL,NULL,'dodap ','7111200505211700  ','RICARDO LUA ','','2021-05-05 ',3,50,'marselino lua ','2022-10-15 02:53:19','2022-10-15 02:53:19'),(294,42,8,NULL,NULL,NULL,'dodap ','7111205806215559  ','ALLONA AQIFA  ','','2021-06-18 ',4,50,'jeksteven ','2022-10-15 02:53:19','2022-10-15 02:53:19'),(295,28,8,NULL,NULL,NULL,'tutuyan ','7111200505213663  ','ASSAUQI RAYYAN RAMADHAN ','','2021-05-05 ',3,45,'abertrico ','2022-10-15 02:53:19','2022-10-15 02:53:19'),(296,42,8,NULL,NULL,NULL,'dodap mikasa ','7111201506215818  ','JUDIKA MAKAPUAS ','','2021-06-15 ',0,0,'damin makapuas ','2022-10-15 02:53:19','2022-10-15 02:53:19'),(297,14,1,NULL,NULL,NULL,'DUSUN 2 ','7111300510213897  ','MARQIM KANDOW ','','2021-10-05 ',3,49,'RICHI KANDOW ','2022-10-15 02:53:19','2022-10-15 02:53:19'),(298,9,7,NULL,NULL,NULL,'iyok ','7111101312206485  ','MOH SAHRUL MAMONTO ','','2020-12-13 ',4,50,'ari mamonto ','2022-10-15 02:53:19','2022-10-15 02:53:19'),(299,9,7,NULL,NULL,NULL,'iyok ','7111100803216784  ','WILANTARA ATAKY KOBANDAHA ','','2021-03-08 ',3,50,'gun kobandaha ','2022-10-15 02:53:19','2022-10-15 02:53:19'),(300,19,2,NULL,NULL,NULL,'dusun 4 ','7111405806216070  ','TSABITA AYANA M ','','2021-06-18 ',3,49,'suryonotoyo m/ririn angraini ','2022-10-15 02:53:19','2022-10-15 02:53:19'),(301,21,4,NULL,NULL,NULL,'dusun iii ','7111110303212891  ','MOHAMAD ALFATIH MAMONTO ','','2021-03-03 ',4,48,'ariadi mamonto ','2022-10-15 02:53:19','2022-10-15 02:53:19'),(302,21,4,NULL,NULL,NULL,'dusun i ','7111111208206110  ','ATTAF SYAFIK PAPUTUNGAN ','','2020-08-12 ',3,48,'ajrin paputungan ','2022-10-15 02:53:19','2022-10-15 02:53:19'),(303,46,7,NULL,NULL,NULL,'nuangan barat ','7111106507216280  ','ZALVA H MOKODONGAN ','','2021-07-25 ',3,49,'ipin mokodongan ','2022-10-15 02:53:19','2022-10-15 02:53:19'),(304,33,7,NULL,NULL,NULL,'nuangan selatan ','7111101511201115  ','DZIBAM NOVRI MAKALALAG ','','2020-11-15 ',4,50,'sadam makalalag ','2022-10-15 02:53:19','2022-10-15 02:53:19'),(305,22,4,NULL,NULL,NULL,'dusun i ','7111111306216811  ','RICARDO RENHARD MAKIKAMA ','','2021-06-13 ',3,47,'yeheskiel makikama ','2022-10-15 02:53:19','2022-10-15 02:53:19'),(306,24,4,NULL,NULL,NULL,'dusun iii ','7111110804216970  ','AHMAD KAMIL MAMONTO ','','2021-04-08 ',3,50,'indra mamonto ','2022-10-15 02:53:19','2022-10-15 02:53:19'),(307,13,2,NULL,NULL,NULL,'dusun 2 ','7111407010191941  ','ALISIA A.G LANGAYU ','','2019-10-30 ',3,48,'ingrit komaling/fadli lanuyu ','2022-10-15 02:53:19','2022-10-15 02:53:19'),(308,41,4,NULL,NULL,NULL,'dusun ii ','7111110504212711  ','ARYA SATYA PUTRA SAYOW ','','2021-04-05 ',4,48,'riawan sayow ','2022-10-15 02:53:19','2022-10-15 02:53:19'),(309,60,4,NULL,NULL,NULL,'dusun ii ','7111110801218791  ','NOAH ESRA SAMUEL RUMONGAN ','','2021-01-08 ',3,47,'jeksen rumongan ','2022-10-15 02:53:19','2022-10-15 02:53:19'),(310,60,4,NULL,NULL,NULL,'dusun ii ','7111112507214461  ','SHAKA ATALAH UTIARAHMAN ','','2021-07-25 ',3,50,'ningsih utiarahman ','2022-10-15 02:53:19','2022-10-15 02:53:19'),(311,60,4,NULL,NULL,NULL,'dusun i ','7111112001219441  ','GAFA MOKOAGOW ','','2021-01-20 ',4,51,'him mokoagow ','2022-10-15 02:53:19','2022-10-15 02:53:19'),(312,14,1,NULL,NULL,NULL,'DUSUN 2 ','7111300308194078  ','AZKAR NIZAR ','','2019-08-03 ',3,49,'VANDRI POLIPIK ','2022-10-15 02:53:19','2022-10-15 02:53:19'),(313,61,7,NULL,NULL,NULL,'matabulu ','7111104702217267  ','SYAKIRA POTABUGA ','','2021-02-07 ',4,50,'asnar potabuga ','2022-10-15 02:53:19','2022-10-15 02:53:19'),(314,61,7,NULL,NULL,NULL,'matabulu ','7111100302215061  ','MOH EZI BUNTUNAN ','','2021-02-03 ',4,50,'risman buntuan ','2022-10-15 02:53:19','2022-10-15 02:53:19'),(315,61,7,NULL,NULL,NULL,'matabulu ','7111105903211621  ','KHALIFA ATSURAYA ','','2021-03-19 ',4,50,'elvira mokodompit ','2022-10-15 02:53:19','2022-10-15 02:53:19'),(316,65,7,NULL,NULL,NULL,'matabulu timur ','7111106104208391  ','AMANAH MOKODASER ','','2020-04-21 ',4,50,'ramdi mokodaser ','2022-10-15 02:53:19','2022-10-15 02:53:19'),(317,65,7,NULL,NULL,NULL,'matabulu timur ','7111100504217757  ','MOH MICAN MOKODOMPIT ','','2021-04-05 ',4,50,'muldin mokodompit ','2022-10-15 02:53:19','2022-10-15 02:53:19'),(318,19,2,NULL,NULL,NULL,'dusun 2 ','7111400905216039  ','DANTE H PAKAYA ','','2021-05-09 ',3,50,'efendi pakaya/nensi indriani ','2022-10-15 02:53:19','2022-10-15 02:53:19'),(319,2,2,NULL,NULL,NULL,'DUSUN 2 ','7111404610217011  ','AZALEA KHALIKA KHADILI ','','2021-10-06 ',3,48,'TRI S KADILI/RITA ADELIA ','2022-10-15 02:53:19','2022-10-15 02:53:19'),(320,10,8,NULL,NULL,NULL,'tombolikat ','7111201609214605  ','ABDUL SYAUQI ARSAL ','','2021-09-16 ',3,50,'moh arsal ','2022-10-15 02:53:19','2022-10-15 02:53:19'),(321,16,2,NULL,NULL,NULL,'DUSUN 7 ','7111402801223111  ','MUHAMMAD AL AQSA PAPUTUNGAN ','','2022-01-28 ',3,49,'RAMLI PAPUTUNGAN/AMNA M ','2022-10-15 02:53:19','2022-10-15 02:53:19'),(322,43,8,NULL,NULL,NULL,'Tutuyan 3 ','7111207105218059  ','BALQIS LIMPI ','','2021-05-31 ',2,45,'Yasi limpi ','2022-10-15 02:53:19','2022-10-15 02:53:19'),(323,15,3,NULL,NULL,NULL,'DS.3 ','8937342632763728  ','MILKA GINOGA ','','2021-10-22 ',2,48,'NURYANA ','2022-10-15 02:53:19','2022-10-15 02:53:19'),(324,29,3,NULL,NULL,NULL,'DS.3 ','71100227321002  ','KASIH ','','2021-03-27 ',3,50,'MEYLAN KALIMPONG ','2022-10-15 02:53:19','2022-10-15 02:53:19'),(325,4,3,NULL,NULL,NULL,'ds.4 ','7321662356325632  ','UKKASYA ATHARASKA PAPUTUNGAN ','','2021-05-21 ',3,50,'serli modeong ','2022-10-15 02:53:19','2022-10-15 02:53:19'),(326,35,6,NULL,NULL,NULL,'BONGKUDAI SELATAN ','7111416312211011  ','MANISYA KORAH ','','2021-12-23 ',2,0,'TONNY KORAH ','2022-10-15 02:53:19','2022-10-15 02:53:19'),(327,35,6,NULL,NULL,NULL,'BONGKUDAI SELATAN ','7111416312219711  ','MARISYA KORAH ','','2021-12-23 ',2,0,'TONNY KORAH ','2022-10-15 02:53:19','2022-10-15 02:53:19'),(328,27,3,NULL,NULL,NULL,'DS.2 ','7111301007219858  ','MARFAZA HUSAIN ','','2021-07-10 ',3,49,'WAHYUNI ','2022-10-15 02:53:19','2022-10-15 02:53:19'),(329,3,3,NULL,NULL,NULL,'DS.4 ','7112200992164532  ','ANINDIRA MISYA BISNUN ','','2021-08-15 ',2,47,'NURKARTIKA HARIKAYA ','2022-10-15 02:53:19','2022-10-15 02:53:19'),(330,3,3,NULL,NULL,NULL,'ds.1 ','7110013824763654  ','KHEYSIA NHADIFA PALEALU ','','2021-11-30 ',3,50,'JANIMA HALIDU ','2022-10-15 02:53:19','2022-10-15 02:53:19'),(331,31,3,NULL,NULL,NULL,'DS.3 ','711002307210001  ','ZAYYAD ','','2021-07-30 ',3,49,'IFTITA ABDULLAH ','2022-10-15 02:53:19','2022-10-15 02:53:19'),(332,31,3,NULL,NULL,NULL,'DS.3 ','2176665215125662  ','ADRIANSYAH MUDA ','','2021-08-13 ',2,48,'fatria hariubo ','2022-10-15 02:53:19','2022-10-15 02:53:19'),(333,1,4,NULL,NULL,NULL,'DESA MOLOBOG ','7111110412175018  ','RAJA AZKA KAELA ','','2017-12-04 ',3,48,'RIVAL KAELA ','2022-10-15 02:53:19','2022-10-15 02:53:19'),(334,1,4,NULL,NULL,NULL,'desa molobog barat ','7111111403192129  ','ZERALDO PANGGELAWAN ','','2019-03-14 ',3,48,'panggelawan ','2022-10-15 02:53:19','2022-10-15 02:53:19'),(335,1,4,NULL,NULL,NULL,'desa ATOGA INDUK ','7111112401219850  ','ATHALAH RAMBING ','','2021-01-24 ',3,47,'rifki rambing ','2022-10-15 02:53:19','2022-10-15 02:53:19'),(336,30,8,NULL,NULL,NULL,'togid ','7111202011218970  ','IBRA ATARISAN GOBEL ','','2021-11-20 ',2,46,'tristanto gobel ','2022-10-15 02:53:19','2022-10-15 02:53:19'),(337,1,4,NULL,NULL,NULL,'MOTONGKAD SELATAN ','7111115201214563  ','GLORYA JESIKA ANTARA ','','2021-01-12 ',4,48,'ANUGRAH ANTARA ','2022-10-15 02:53:19','2022-10-15 02:53:19'),(338,1,4,NULL,NULL,NULL,'DESA MOTONGKAD SELATAN ','7111112809186945  ','STIVINO IMANUEL MANOPPO ','','2018-09-28 ',3,48,'RONI MANOPPO ','2022-10-15 02:53:19','2022-10-15 02:53:19'),(339,55,3,NULL,NULL,NULL,'DS.1 ','7246326546325723  ','DEENANTY LAHAY ','','2022-01-12 ',3,46,'nurafni achmad ','2022-10-15 02:53:19','2022-10-15 02:53:19'),(340,1,4,NULL,NULL,NULL,'desa motongkad utara ','7111114912213700  ','AVIAK KUMAIRAH ','','2021-12-09 ',3,49,'kahar saputra ','2022-10-15 02:53:19','2022-10-15 02:53:19'),(341,1,4,NULL,NULL,NULL,'motongkad utara ','7111111402217692  ','AHMAD KAMIL MAMONTO ','','2021-02-14 ',4,48,'juniandri ','2022-10-15 02:53:19','2022-10-15 02:53:19'),(342,1,1,NULL,NULL,NULL,'DUSUN ','7111306610211661  ','ATHAYA UMUK ','','2021-10-26 ',3,49,'HAMSI UMUK ','2022-10-15 02:53:19','2022-10-15 02:53:19'),(343,1,4,NULL,NULL,NULL,'molobog induk ','7111110801215571  ','ATHAR RAZKA KAELA ','','2021-01-08 ',3,1,'rival kaela ','2022-10-15 02:53:19','2022-10-15 02:53:19'),(344,23,8,NULL,NULL,NULL,'kayumoyondi ','7111202107214792  ','MOH SYAUQI LASABUDA ','','2021-07-21 ',3,48,'bambang kurniawan ','2022-10-15 02:53:19','2022-10-15 02:53:19'),(345,61,7,NULL,NULL,NULL,'DESA MATABULU, KEC.NUANGAN ','7111104308211352  ','CHELSEA OLIVIA RATU ','','2021-08-03 ',3,52,'DERBY RATU ','2022-10-15 02:53:19','2022-10-15 02:53:19'),(346,1,4,NULL,NULL,NULL,'jiko induk ','7111116308219934  ','WISELA GRIFILA KANSIL ','','2021-08-23 ',3,47,'riflet kansil ','2022-10-15 02:53:19','2022-10-15 02:53:19'),(347,1,4,NULL,NULL,NULL,'jiko induk ','7111116309215400  ','ANGGELA AULIA ANSU ','','2021-09-23 ',3,47,'fenly ansu ','2022-10-15 02:53:19','2022-10-15 02:53:19'),(348,1,1,NULL,NULL,NULL,'DUSUN ','7111304111217161  ','ARSILA RAME-RAME ','','2021-11-01 ',2,48,'RIO AMBALAO ','2022-10-15 02:53:19','2022-10-15 02:53:19'),(349,25,1,NULL,NULL,NULL,'DUSUN ','7111302305216693  ','ALFA BOKINGO ','','2021-05-23 ',3,49,'FAHRI BOKINGO ','2022-10-15 02:53:19','2022-10-15 02:53:19'),(350,1,4,NULL,NULL,NULL,'motongkad tengah ','7111115609213424  ','FITRI FAIZA DG MANGAWI ','','2021-09-16 ',4,47,'masfud gd mangawi ','2022-10-15 02:53:19','2022-10-15 02:53:19'),(351,1,4,NULL,NULL,NULL,'motongkad tengah ','7111112112219020  ','DIZAM PAPUTUNGAN ','','2021-12-21 ',3,47,'fari paputungan ','2022-10-15 02:53:19','2022-10-15 02:53:19'),(352,37,2,NULL,NULL,NULL,'dusun 4 ','7111401801225511  ','ZAHRA PUTRI OLII ','','2022-01-18 ',4,49,'jems olii/rusdian momondol ','2022-10-15 02:53:19','2022-10-15 02:53:19'),(353,46,7,NULL,NULL,NULL,'desa nuangan barat, kec, nuangan ','7111106601218396  ','PUTRI ALINA MANOPPO ','','2021-01-26 ',3,51,'haikal manoppo ','2022-10-15 02:53:19','2022-10-15 02:53:19'),(354,1,4,NULL,NULL,NULL,'MOTONGKAD INDUK ','7111112808212330  ','RAIHAN YUSUF ','','2021-08-28 ',1,40,'SUARDI YUSUF ','2022-10-15 02:53:19','2022-10-15 02:53:19'),(355,1,4,NULL,NULL,NULL,'MOTONGKAD INDUK ','7111112911212110  ','ALFARI ERLANGGA ','','2021-11-29 ',3,47,'JAMALUDIN MAMONTO ','2022-10-15 02:53:19','2022-10-15 02:53:19'),(356,1,4,NULL,NULL,NULL,'MOTONGKAD INDUK ','7111112409212800  ','ZAHRA BILQIS DARISE ','','2021-09-24 ',3,47,'SUGIARTO DARISE ','2022-10-15 02:53:19','2022-10-15 02:53:19'),(357,28,8,NULL,NULL,NULL,'TUTUYAN ','7111203110211402  ','DEAN TARIDALA ','','2021-10-31 ',3,49,'LUCKY TARIDALA ','2022-10-15 02:53:19','2022-10-15 02:53:19'),(358,6,5,NULL,NULL,NULL,'Desa moonow ','7111502807215358  ','IFAZ PAKANA ','','2021-07-28 ',3,49,'Rini matara ','2022-10-15 02:53:19','2022-10-15 02:53:19'),(359,43,8,NULL,NULL,NULL,'tutuyan 3 ','7111200111215461  ','MUH ZAKIR ','','2021-11-01 ',3,49,'zulkarnain mokoagow ','2022-10-15 02:53:19','2022-10-15 02:53:19'),(360,62,7,NULL,NULL,NULL,'DESA NUANGAN 1, KEC.NUANGAN ','7111100512213498  ','MOH. AKHTAR D.MAMONTO ','','2021-12-05 ',3,50,'- ','2022-10-15 02:53:19','2022-10-15 02:53:19'),(361,64,7,NULL,NULL,NULL,'desa bai ','7111105211216295  ','ZAHWA AQILA POTABUGA ','','2021-11-12 ',3,50,'yusril potabuga ','2022-10-15 02:53:19','2022-10-15 02:53:19'),(362,16,2,NULL,NULL,NULL,'dusun 3 ','7111401003224211  ','AQEEL ZAYN SIRU ','','2022-03-10 ',3,49,'jefri siru/ria resti alimudin ','2022-10-15 02:53:19','2022-10-15 02:53:19'),(363,16,2,NULL,NULL,NULL,'dusun 9 ','7111406403225011  ','RASIFAH SYAQULIA DAMULUAN ','','2022-03-24 ',2,47,'reza damuluan/ersa mamonto ','2022-10-15 02:53:19','2022-10-15 02:53:19'),(364,26,2,NULL,NULL,NULL,'dusun 3 ','7111402705228762  ','FAIZAN ALNAHYAN DOMIN ','','2022-05-27 ',3,49,'feisma domin/nella gumalangit ','2022-10-15 02:53:19','2022-10-15 02:53:19'),(365,2,2,NULL,NULL,NULL,'dusun 6 ','7111406703224159  ','RAHMADINA PUTRI NURIADI ','','2022-03-27 ',2,41,'nina pakaya/nuriadi rukidi ','2022-10-15 02:53:19','2022-10-15 02:53:19'),(366,24,4,NULL,'0','0','desa motongkad utara ','7111111502186828  ','ARRAYAN MAMONTO ','','2018-02-15 ',3,48,'samrahadi mamonto ','2022-10-15 02:53:19','2022-10-15 02:53:19'),(367,13,2,NULL,NULL,NULL,'DUSUN 4 ','7111400106229604  ','GIORGINO MATEO GANI ','','2022-06-01 ',3,49,'INDAH PRATIWI JAKOB/MELKY GANI ','2022-10-15 02:53:19','2022-10-15 02:53:19'),(368,10,8,NULL,NULL,NULL,'tombolikat ','7111200803222686  ','ABDULAH KHAIRUL ABARANG ','','2022-03-08 ',3,48,'nirwan abarang ','2022-10-15 02:53:19','2022-10-15 02:53:19'),(369,10,8,NULL,NULL,NULL,'tombolikat ','7111200905224079  ','AUFAN LIPUTO ','','2022-05-09 ',2,47,'fazlun liputo ','2022-10-15 02:53:19','2022-10-15 02:53:19'),(370,28,8,NULL,NULL,NULL,'tutuyan ','7111206004226422  ','APRILIA WUISAN ','','2022-04-20 ',4,48,'dodi wuisan ','2022-10-15 02:53:19','2022-10-15 02:53:19'),(371,53,8,NULL,NULL,NULL,'dodap pantai ','7111205904225261  ','LEONA ALEXANDRA BUDIMAN ','','2022-04-19 ',2,43,'jeremias budiman ','2022-10-15 02:53:19','2022-10-15 02:53:19'),(372,15,3,NULL,NULL,NULL,'DS 2 ','7110023003202203  ','MARVI RATUALANGON  ','','2022-03-30 ',2,44,'Robi ratualangon ','2022-10-15 02:53:19','2022-10-15 02:53:19'),(373,35,6,NULL,NULL,NULL,'Bongkudai Selatan ','7111414104226311  ','CINTA MEWENGKANG ','','2022-04-01 ',3,51,'Jenifer Lengkeran ','2022-10-15 02:53:19','2022-10-15 02:53:19'),(374,35,6,NULL,NULL,NULL,'Bongkudai Selatan ','7111411307225311  ','GAMALIEL RUMONDOR ','','2022-07-13 ',1,46,'Like Lempas ','2022-10-15 02:53:19','2022-10-15 02:53:19'),(375,13,2,NULL,NULL,NULL,'dusun 2 ','7111405506223611  ','AKILA ISKANDAR ','','2022-06-15 ',2,47,'yuli mamonto/iskandar kaharudin ','2022-10-15 02:53:19','2022-10-15 02:53:19'),(376,44,5,NULL,'-','-','inaton  ','7111505006217978  ','ARSY TOREH  ','','2021-06-10 ',3,49,'indri abukasim  ','2022-10-15 02:53:19','2022-10-15 02:53:19'),(377,39,5,NULL,NULL,NULL,'PINONOBATUAN ','7111501402225380  ','MOHAMADIKA AKSA AGOW ','','2022-02-14 ',4,49,'RIFKA MAMONTO ','2022-10-15 02:53:19','2022-10-15 02:53:19'),(378,66,5,NULL,NULL,NULL,'TANGATON  ','7111506008223527  ','AMEENA NURTJANDRA ','','2022-07-20 ',3,45,'ASTRI MAMONTO ','2022-10-15 02:53:19','2022-10-15 02:53:19'),(379,66,5,NULL,NULL,NULL,'Tangaton ','7111505912203148  ','SHAHNAZ MALANGI ','','2020-12-19 ',3,49,'Eva mamonto ','2022-10-15 02:53:19','2022-10-15 02:53:19'),(380,1,4,NULL,'0','0','molobog  ','7111115303224261  ','AFIZA SHAKILA MAMONTO ','','2022-03-13 ',2,47,'kevin mamonto ','2022-10-15 02:53:19','2022-10-15 02:53:19'),(381,6,5,NULL,NULL,NULL,'Moonow ','7111504510211552  ','SAILA ANASYA MOKODONGAN ','','2021-10-05 ',3,48,'Ribka paputungan ','2022-10-15 02:53:19','2022-10-15 02:53:19'),(382,1,4,NULL,'0','0','motongkad induk ','7111112403222567  ','MOHAMAD SYAKIL BABAY ','','2022-03-24 ',2,47,'isril babay ','2022-10-15 02:53:19','2022-10-15 02:53:19'),(383,1,4,NULL,'0','0','motongkad induk ','7111110805228006  ','RADEN POTABUGA ','','2022-05-08 ',3,51,'azwar potabuga ','2022-10-15 02:53:19','2022-10-15 02:53:19'),(384,66,5,NULL,NULL,NULL,'tangaton ','7111501108222654  ','DIANTA KAUREN ','','2022-08-11 ',2,46,'rahadita mamonto ','2022-10-15 02:53:19','2022-10-15 02:53:19'),(385,63,5,NULL,NULL,NULL,'bongkudai barat ','7111500804213461  ','SALWA MAMONTO ','','2021-04-08 ',3,49,'naming mamonto ','2022-10-15 02:53:19','2022-10-15 02:53:19'),(386,63,5,NULL,NULL,NULL,'bongkudai barat  ','7111500703226332  ','AHZA SYAHBAN  ','','2022-03-07 ',3,48,'nita purnama sari  ','2022-10-15 02:53:19','2022-10-15 02:53:19'),(387,11,8,NULL,NULL,NULL,'tombolikat selatan ','7111206906207094  ','AFISA WAKID ','','2020-06-29 ',3,49,'risky wakid ','2022-10-15 02:53:19','2022-10-15 02:53:19'),(388,30,8,NULL,NULL,NULL,'togid ','7111200703225214  ','RAFASYA ALFARISKI KADENGKANG ','','2022-03-07 ',2,0,'buyung kadengkang ','2022-10-15 02:53:19','2022-10-15 02:53:19'),(389,43,8,NULL,NULL,NULL,'tutuyan iii ','7111207008225613  ','KANNA SWASTIKA BUDIMAN ','','2022-08-30 ',3,48,'ali akbar budiman ','2022-10-15 02:53:19','2022-10-15 02:53:19'),(390,4,3,NULL,NULL,NULL,'DS 4 ','71100211122001  ','ALIFA PIMPIN ','P','2022-01-11 ',2,44,'Megawati Mokodongan  ','2022-10-15 02:53:19','2022-10-15 04:48:56');
/*!40000 ALTER TABLE `balita` ENABLE KEYS */;
UNLOCK TABLES;

--
-- Table structure for table `failed_jobs`
--

DROP TABLE IF EXISTS `failed_jobs`;
/*!40101 SET @saved_cs_client     = @@character_set_client */;
/*!50503 SET character_set_client = utf8mb4 */;
CREATE TABLE `failed_jobs` (
  `id` bigint unsigned NOT NULL AUTO_INCREMENT,
  `uuid` varchar(255) CHARACTER SET utf8mb4 COLLATE utf8mb4_unicode_ci NOT NULL,
  `connection` text CHARACTER SET utf8mb4 COLLATE utf8mb4_unicode_ci NOT NULL,
  `queue` text CHARACTER SET utf8mb4 COLLATE utf8mb4_unicode_ci NOT NULL,
  `payload` longtext CHARACTER SET utf8mb4 COLLATE utf8mb4_unicode_ci NOT NULL,
  `exception` longtext CHARACTER SET utf8mb4 COLLATE utf8mb4_unicode_ci NOT NULL,
  `failed_at` timestamp NOT NULL DEFAULT CURRENT_TIMESTAMP,
  PRIMARY KEY (`id`),
  UNIQUE KEY `failed_jobs_uuid_unique` (`uuid`)
) ENGINE=InnoDB DEFAULT CHARSET=utf8mb4 COLLATE=utf8mb4_unicode_ci;
/*!40101 SET character_set_client = @saved_cs_client */;

--
-- Dumping data for table `failed_jobs`
--

LOCK TABLES `failed_jobs` WRITE;
/*!40000 ALTER TABLE `failed_jobs` DISABLE KEYS */;
/*!40000 ALTER TABLE `failed_jobs` ENABLE KEYS */;
UNLOCK TABLES;

--
-- Table structure for table `kabupaten`
--

DROP TABLE IF EXISTS `kabupaten`;
/*!40101 SET @saved_cs_client     = @@character_set_client */;
/*!50503 SET character_set_client = utf8mb4 */;
CREATE TABLE `kabupaten` (
  `id` bigint unsigned NOT NULL AUTO_INCREMENT,
  `id_propinsi` bigint unsigned DEFAULT NULL,
  `nama` varchar(255) CHARACTER SET utf8mb4 COLLATE utf8mb4_unicode_ci NOT NULL,
  `slug` varchar(255) CHARACTER SET utf8mb4 COLLATE utf8mb4_unicode_ci NOT NULL,
  `created_at` timestamp NULL DEFAULT NULL,
  `updated_at` timestamp NULL DEFAULT NULL,
  PRIMARY KEY (`id`)
) ENGINE=InnoDB AUTO_INCREMENT=393 DEFAULT CHARSET=utf8mb4 COLLATE=utf8mb4_unicode_ci;
/*!40101 SET character_set_client = @saved_cs_client */;

--
-- Dumping data for table `kabupaten`
--

LOCK TABLES `kabupaten` WRITE;
/*!40000 ALTER TABLE `kabupaten` DISABLE KEYS */;
INSERT INTO `kabupaten` VALUES (1,1,'BOLAANG MONGONDOW TIMUR ','bolaang-mongondow-timur','2022-10-15 01:57:16','2022-10-15 01:57:16');
/*!40000 ALTER TABLE `kabupaten` ENABLE KEYS */;
UNLOCK TABLES;

--
-- Table structure for table `kecamatan`
--

DROP TABLE IF EXISTS `kecamatan`;
/*!40101 SET @saved_cs_client     = @@character_set_client */;
/*!50503 SET character_set_client = utf8mb4 */;
CREATE TABLE `kecamatan` (
  `id` bigint unsigned NOT NULL AUTO_INCREMENT,
  `id_kabupaten` bigint unsigned DEFAULT NULL,
  `nama` varchar(255) CHARACTER SET utf8mb4 COLLATE utf8mb4_unicode_ci NOT NULL,
  `slug` varchar(255) CHARACTER SET utf8mb4 COLLATE utf8mb4_unicode_ci NOT NULL,
  `created_at` timestamp NULL DEFAULT NULL,
  `updated_at` timestamp NULL DEFAULT NULL,
  PRIMARY KEY (`id`)
) ENGINE=InnoDB AUTO_INCREMENT=9 DEFAULT CHARSET=utf8mb4 COLLATE=utf8mb4_unicode_ci;
/*!40101 SET character_set_client = @saved_cs_client */;

--
-- Dumping data for table `kecamatan`
--

LOCK TABLES `kecamatan` WRITE;
/*!40000 ALTER TABLE `kecamatan` DISABLE KEYS */;
INSERT INTO `kecamatan` VALUES (1,1,'KOTABUNAN ','kotabunan','2022-10-15 02:01:08','2022-10-15 02:01:08'),(2,1,'MODAYAG ','modayag','2022-10-15 02:01:08','2022-10-15 02:01:08'),(3,1,'Motongkad ','motongkad','2022-10-15 02:01:08','2022-10-15 02:01:08'),(4,1,'MODAYAG BARAT ','modayag-barat','2022-10-15 02:01:08','2022-10-15 02:01:08'),(5,1,'Mooat ','mooat','2022-10-15 02:01:08','2022-10-15 02:01:08'),(6,1,'NUANGAN ','nuangan','2022-10-15 02:01:08','2022-10-15 02:01:08'),(7,1,'TUTUYAN ','tutuyan','2022-10-15 02:01:08','2022-10-15 02:01:08');
/*!40000 ALTER TABLE `kecamatan` ENABLE KEYS */;
UNLOCK TABLES;

--
-- Table structure for table `kelurahan`
--

DROP TABLE IF EXISTS `kelurahan`;
/*!40101 SET @saved_cs_client     = @@character_set_client */;
/*!50503 SET character_set_client = utf8mb4 */;
CREATE TABLE `kelurahan` (
  `id` bigint unsigned NOT NULL AUTO_INCREMENT,
  `id_kecamatan` bigint unsigned NOT NULL,
  `nama` varchar(255) CHARACTER SET utf8mb4 COLLATE utf8mb4_unicode_ci DEFAULT NULL,
  `slug` varchar(255) COLLATE utf8mb4_unicode_ci DEFAULT NULL,
  `created_at` timestamp NULL DEFAULT NULL,
  `updated_at` timestamp NULL DEFAULT NULL,
  PRIMARY KEY (`id`)
) ENGINE=InnoDB AUTO_INCREMENT=68 DEFAULT CHARSET=utf8mb4 COLLATE=utf8mb4_unicode_ci;
/*!40101 SET character_set_client = @saved_cs_client */;

--
-- Dumping data for table `kelurahan`
--

LOCK TABLES `kelurahan` WRITE;
/*!40000 ALTER TABLE `kelurahan` DISABLE KEYS */;
INSERT INTO `kelurahan` VALUES (1,1,'BUYAT TENGAH ','buyat-tengah','2022-10-15 02:02:31','2022-10-15 02:02:31'),(2,2,'PURWOREJO TENGAH ','purworejo-tengah','2022-10-15 02:02:31','2022-10-15 02:02:31'),(3,1,'BULAWAN ','bulawan','2022-10-15 02:02:31','2022-10-15 02:02:31'),(4,1,'KOTABUNAN SELATAN ','kotabunan-selatan','2022-10-15 02:02:31','2022-10-15 02:02:31'),(5,3,'Molobog ','molobog','2022-10-15 02:02:31','2022-10-15 02:02:31'),(6,4,'MOONOW ','moonow','2022-10-15 02:02:31','2022-10-15 02:02:31'),(7,5,'MOAT ','moat','2022-10-15 02:02:31','2022-10-15 02:02:31'),(8,5,'MOTOTOMPIAAN ','mototompiaan','2022-10-15 02:02:31','2022-10-15 02:02:31'),(9,6,'IYOK ','iyok','2022-10-15 02:02:31','2022-10-15 02:02:31'),(10,7,'TOMBOLIKAT ','tombolikat','2022-10-15 02:02:31','2022-10-15 02:02:31'),(11,7,'TOMBOLIKAT SELATAN ','tombolikat-selatan','2022-10-15 02:02:31','2022-10-15 02:02:31'),(12,5,'BONGKUDAI TIMUR ','bongkudai-timur','2022-10-15 02:02:31','2022-10-15 02:02:31'),(13,2,'LANUT ','lanut','2022-10-15 02:02:31','2022-10-15 02:02:31'),(14,1,'BUYAT BARAT ','buyat-barat','2022-10-15 02:02:31','2022-10-15 02:02:31'),(15,1,'PARET ','paret','2022-10-15 02:02:31','2022-10-15 02:02:31'),(16,2,'MODAYAG III ','modayag-iii','2022-10-15 02:02:31','2022-10-15 02:02:31'),(17,1,'BUYAT SELATAN ','buyat-selatan','2022-10-15 02:02:31','2022-10-15 02:02:31'),(18,1,'BUYAT I ','buyat-i','2022-10-15 02:02:31','2022-10-15 02:02:31'),(19,2,'LIBERIA TIMUR ','liberia-timur','2022-10-15 02:02:31','2022-10-15 02:02:31'),(20,4,'BANGUNAN WUWUK ','bangunan-wuwuk','2022-10-15 02:02:31','2022-10-15 02:02:31'),(21,3,'Atoga Timur ','atoga-timur','2022-10-15 02:02:31','2022-10-15 02:02:31'),(22,3,'Motongkad Selatan ','motongkad-selatan','2022-10-15 02:02:31','2022-10-15 02:02:31'),(23,7,'KAYUMOYONDI ','kayumoyondi','2022-10-15 02:02:31','2022-10-15 02:02:31'),(24,3,'motongkad Utara ','motongkad-utara','2022-10-15 02:02:31','2022-10-15 02:02:31'),(25,1,'BUYAT II ','buyat-ii','2022-10-15 02:02:31','2022-10-15 02:02:31'),(26,2,'MODAYAG II ','modayag-ii','2022-10-15 02:02:31','2022-10-15 02:02:31'),(27,1,'KOTABUNAN BARAT ','kotabunan-barat','2022-10-15 02:02:31','2022-10-15 02:02:31'),(28,7,'TUTUYAN ','tutuyan','2022-10-15 02:02:31','2022-10-15 02:02:31'),(29,1,'PARET TIMUR ','paret-timur','2022-10-15 02:02:31','2022-10-15 02:02:31'),(30,7,'TOGID ','togid','2022-10-15 02:02:31','2022-10-15 02:02:31'),(31,1,'BULAWAN 1 ','bulawan-1','2022-10-15 02:02:31','2022-10-15 02:02:31'),(32,5,'MOKITOMPIA ','mokitompia','2022-10-15 02:02:31','2022-10-15 02:02:31'),(33,6,'Nuangan Selatan ','nuangan-selatan','2022-10-15 02:02:31','2022-10-15 02:02:31'),(34,5,'KOKAPOY ','kokapoy','2022-10-15 02:02:31','2022-10-15 02:02:31'),(35,5,'BONGKUDAI SELATAN ','bongkudai-selatan','2022-10-15 02:02:31','2022-10-15 02:02:31'),(36,2,'PURWOREJO TIMUR ','purworejo-timur','2022-10-15 02:02:31','2022-10-15 02:02:31'),(37,2,'BUYANDI ','buyandi','2022-10-15 02:02:31','2022-10-15 02:02:31'),(38,2,'BADARO ','badaro','2022-10-15 02:02:31','2022-10-15 02:02:31'),(39,4,'PINONOBATUAN ','pinonobatuan','2022-10-15 02:02:31','2022-10-15 02:02:31'),(40,2,'TOBONGON ','tobongon','2022-10-15 02:02:31','2022-10-15 02:02:31'),(41,3,'Motongkad tengah ','motongkad-tengah','2022-10-15 02:02:31','2022-10-15 02:02:31'),(42,7,'Dodap Mikasa ','dodap-mikasa','2022-10-15 02:02:31','2022-10-15 02:02:31'),(43,7,'TUTUYAN III ','tutuyan-iii','2022-10-15 02:02:31','2022-10-15 02:02:31'),(44,4,'INATON ','inaton','2022-10-15 02:02:31','2022-10-15 02:02:31'),(45,4,'MOYONGKOTA ','moyongkota','2022-10-15 02:02:31','2022-10-15 02:02:31'),(46,6,'Nuangan Barat ','nuangan-barat','2022-10-15 02:02:31','2022-10-15 02:02:31'),(47,4,'MOYONGKOTA BARU ','moyongkota-baru','2022-10-15 02:02:31','2022-10-15 02:02:31'),(48,5,'BONGKUDAI UTARA ','bongkudai-utara','2022-10-15 02:02:31','2022-10-15 02:02:31'),(49,5,'GUAAN ','guaan','2022-10-15 02:02:31','2022-10-15 02:02:31'),(50,2,'SUMBER REJO ','sumber-rejo','2022-10-15 02:02:31','2022-10-15 02:02:31'),(51,2,'CANDI REJO ','candi-rejo','2022-10-15 02:02:31','2022-10-15 02:02:31'),(52,7,'TUTUYAN II ','tutuyan-ii','2022-10-15 02:02:31','2022-10-15 02:02:31'),(53,7,'DODAP PANTAI ','dodap-pantai','2022-10-15 02:02:31','2022-10-15 02:02:31'),(54,4,'BANGUNAN WUWUK TIMUR ','bangunan-wuwuk-timur','2022-10-15 02:02:31','2022-10-15 02:02:31'),(55,1,'BULAWAN II ','bulawan-ii','2022-10-15 02:02:31','2022-10-15 02:02:31'),(56,6,'IDUMUN ','idumun','2022-10-15 02:02:31','2022-10-15 02:02:31'),(57,3,'JIKO ','jiko','2022-10-15 02:02:31','2022-10-15 02:02:31'),(58,3,'Jiko Utara ','jiko-utara','2022-10-15 02:02:31','2022-10-15 02:02:31'),(59,3,'Molobog Barat ','molobog-barat','2022-10-15 02:02:31','2022-10-15 02:02:31'),(60,3,'Motongkad  ','motongkad','2022-10-15 02:02:31','2022-10-15 02:02:31'),(61,6,'MATABULU ','matabulu','2022-10-15 02:02:31','2022-10-15 02:02:31'),(62,6,'NUANGAN I ','nuangan-i','2022-10-15 02:02:31','2022-10-15 02:02:31'),(63,4,'BONGKUDAI BARAT ','bongkudai-barat','2022-10-15 02:02:31','2022-10-15 02:02:31'),(64,6,'B A I ','b-a-i','2022-10-15 02:02:31','2022-10-15 02:02:31'),(65,6,'Matabulu Timur ','matabulu-timur','2022-10-15 02:02:31','2022-10-15 02:02:31'),(66,4,'TANGATON ','tangaton','2022-10-15 02:02:31','2022-10-15 02:02:31');
/*!40000 ALTER TABLE `kelurahan` ENABLE KEYS */;
UNLOCK TABLES;

--
-- Table structure for table `migrations`
--

DROP TABLE IF EXISTS `migrations`;
/*!40101 SET @saved_cs_client     = @@character_set_client */;
/*!50503 SET character_set_client = utf8mb4 */;
CREATE TABLE `migrations` (
  `id` int unsigned NOT NULL AUTO_INCREMENT,
  `migration` varchar(255) CHARACTER SET utf8mb4 COLLATE utf8mb4_unicode_ci NOT NULL,
  `batch` int NOT NULL,
  PRIMARY KEY (`id`)
) ENGINE=InnoDB AUTO_INCREMENT=103 DEFAULT CHARSET=utf8mb4 COLLATE=utf8mb4_unicode_ci;
/*!40101 SET character_set_client = @saved_cs_client */;

--
-- Dumping data for table `migrations`
--

LOCK TABLES `migrations` WRITE;
/*!40000 ALTER TABLE `migrations` DISABLE KEYS */;
INSERT INTO `migrations` VALUES (1,'2014_10_12_000000_create_users_table',1),(2,'2014_10_12_100000_create_password_resets_table',1),(3,'2019_08_19_000000_create_failed_jobs_table',1),(4,'2021_03_18_083737_create_permission_tables',1),(5,'2021_04_14_230443_create_information_table',2),(6,'2021_06_10_120507_create_kategoris_table',3),(7,'2021_06_10_120521_create_satuans_table',3),(8,'2021_06_10_120533_create_lokasis_table',3),(9,'2021_06_10_120620_create_jenis_pelanggans_table',3),(10,'2021_06_10_120644_create_kontraks_table',3),(11,'2021_06_10_120702_create_pemasoks_table',3),(12,'2021_06_10_120712_create_produks_table',3),(13,'2021_06_10_120942_create_jasas_table',3),(14,'2021_06_10_121008_create_kategori_jasas_table',3),(15,'2021_06_10_121047_create_jasa_produks_table',3),(16,'2021_06_10_121302_create_spks_table',3),(17,'2021_06_10_121646_create_kendaraans_table',3),(18,'2021_06_10_121654_create_jenis_kendaraans_table',3),(19,'2021_06_11_100443_add_fiel_name_to_galleries',4),(20,'2021_06_11_105159_add_field_delete_to_jasa',5),(21,'2021_06_11_211138_add_keterangan_field_to_kategori_jasa',6),(22,'2021_06_11_234346_add_more_field_to_profiles',7),(23,'2021_06_13_035231_create_konsultasis_table',8),(24,'2021_06_13_040258_add_thumbnail_field_to_profiles',9),(25,'2021_06_13_062648_create_testimonis_table',10),(31,'2021_06_13_102750_add_pesan_field_to_konsultasi',11),(32,'2021_06_25_231311_create_jasa_produks_table',11),(33,'2021_06_26_235302_create_jasa_kendaraans_table',12),(34,'2021_06_26_235544_create_jasa_spks_table',12),(36,'2021_06_27_012738_add_more_field_to_users',13),(37,'2021_07_07_023038_add_field_password_to_users',13),(38,'2021_07_07_092013_add_pemilik_field_to_kendaraan',14),(39,'2021_07_08_003707_create_mereks_table',15),(40,'2021_07_08_004139_add_field_merek_to_jenis_kendaraan',15),(41,'2021_07_08_054331_create_temp_jasas_table',16),(42,'2021_07_08_055003_create_temp_users_table',17),(43,'2021_07_09_004743_create_temp_mekaniks_table',18),(44,'2021_07_09_024113_create_mekanik_spks_table',19),(45,'2021_07_10_093936_create_approve_spks_table',20),(46,'2021_07_11_082402_create_jenis_users_table',21),(47,'2021_07_11_084745_add_field_telpon_to_users',22),(48,'2021_07_11_084922_create_jenis_pembayarans_table',23),(49,'2021_07_11_092210_create_jenis_pelanggan_users_table',24),(50,'2021_07_12_011919_create_registrasis_table',25),(51,'2021_07_12_012005_create_statuses_table',25),(53,'2021_07_12_013415_create_registrasi_statuses_table',26),(54,'2021_07_12_105623_add_field_nomor_to_registrasi',27),(55,'2021_07_12_202629_create_invoices_table',28),(56,'2021_07_12_203228_add_user_field_to_invoice',29),(57,'2021_07_12_213439_add_total_field_to_invoice',30),(58,'2021_07_12_233648_add_pembayaran_field_to_invoice',31),(59,'2021_07_14_234231_add_email_field_to_users',32),(61,'2021_07_15_081822_create_invoice_produks_table',33),(62,'2021_07_15_101542_create_invoice_jasas_table',34),(63,'2021_07_15_101619_create_invoice_produk_manuals_table',34),(64,'2021_07_18_001601_add_minimal_field_to_produk',35),(65,'2021_07_18_041626_add_status_field_to_registrasi',36),(66,'2021_07_18_073400_add_status_field_to_spk',37),(67,'2021_07_18_234325_add_some_field_to_users',38),(79,'2022_01_29_043423_add_more_field_to_sakip',39),(80,'2022_01_29_051022_add_more_field_to_peraturan',40),(81,'2022_01_29_053047_add_more_field_to_klasifikasi',41),(82,'2022_02_18_013653_add_field_publish_to_sakip',42),(83,'2022_02_18_013857_create_validasis_table',42),(84,'2022_02_18_023943_change_catatan_nulllable_to_validasi',43),(85,'2022_02_18_034810_change_telpon_nulllable_to_users',44),(92,'2022_06_15_011856_create_pendidikans_table',45),(93,'2022_06_15_011902_create_pekerjaans_table',45),(94,'2022_06_15_011920_create_surveis_table',45),(95,'2022_06_16_004928_create_usias_table',45),(96,'2022_06_16_004946_create_waktus_table',45),(101,'2022_10_15_075643_add_more_field_to_balita',46),(102,'2022_10_15_075908_add_more_field_to_stunting',46);
/*!40000 ALTER TABLE `migrations` ENABLE KEYS */;
UNLOCK TABLES;

--
-- Table structure for table `model_has_permissions`
--

DROP TABLE IF EXISTS `model_has_permissions`;
/*!40101 SET @saved_cs_client     = @@character_set_client */;
/*!50503 SET character_set_client = utf8mb4 */;
CREATE TABLE `model_has_permissions` (
  `permission_id` bigint unsigned NOT NULL,
  `model_type` varchar(255) CHARACTER SET utf8mb4 COLLATE utf8mb4_unicode_ci NOT NULL,
  `model_id` bigint unsigned NOT NULL,
  PRIMARY KEY (`permission_id`,`model_id`,`model_type`),
  KEY `model_has_permissions_model_id_model_type_index` (`model_id`,`model_type`),
  CONSTRAINT `model_has_permissions_permission_id_foreign` FOREIGN KEY (`permission_id`) REFERENCES `permissions` (`id`) ON DELETE CASCADE
) ENGINE=InnoDB DEFAULT CHARSET=utf8mb4 COLLATE=utf8mb4_unicode_ci;
/*!40101 SET character_set_client = @saved_cs_client */;

--
-- Dumping data for table `model_has_permissions`
--

LOCK TABLES `model_has_permissions` WRITE;
/*!40000 ALTER TABLE `model_has_permissions` DISABLE KEYS */;
/*!40000 ALTER TABLE `model_has_permissions` ENABLE KEYS */;
UNLOCK TABLES;

--
-- Table structure for table `model_has_roles`
--

DROP TABLE IF EXISTS `model_has_roles`;
/*!40101 SET @saved_cs_client     = @@character_set_client */;
/*!50503 SET character_set_client = utf8mb4 */;
CREATE TABLE `model_has_roles` (
  `role_id` bigint unsigned NOT NULL,
  `model_type` varchar(255) CHARACTER SET utf8mb4 COLLATE utf8mb4_unicode_ci NOT NULL,
  `model_id` bigint unsigned NOT NULL,
  PRIMARY KEY (`role_id`,`model_id`,`model_type`),
  KEY `model_has_roles_model_id_model_type_index` (`model_id`,`model_type`),
  CONSTRAINT `model_has_roles_role_id_foreign` FOREIGN KEY (`role_id`) REFERENCES `roles` (`id`) ON DELETE CASCADE
) ENGINE=InnoDB DEFAULT CHARSET=utf8mb4 COLLATE=utf8mb4_unicode_ci;
/*!40101 SET character_set_client = @saved_cs_client */;

--
-- Dumping data for table `model_has_roles`
--

LOCK TABLES `model_has_roles` WRITE;
/*!40000 ALTER TABLE `model_has_roles` DISABLE KEYS */;
INSERT INTO `model_has_roles` VALUES (1,'App\\Models\\User',19),(6,'App\\Models\\User',26),(1,'App\\Models\\User',28);
/*!40000 ALTER TABLE `model_has_roles` ENABLE KEYS */;
UNLOCK TABLES;

--
-- Table structure for table `password_resets`
--

DROP TABLE IF EXISTS `password_resets`;
/*!40101 SET @saved_cs_client     = @@character_set_client */;
/*!50503 SET character_set_client = utf8mb4 */;
CREATE TABLE `password_resets` (
  `email` varchar(255) CHARACTER SET utf8mb4 COLLATE utf8mb4_unicode_ci NOT NULL,
  `token` varchar(255) CHARACTER SET utf8mb4 COLLATE utf8mb4_unicode_ci NOT NULL,
  `created_at` timestamp NULL DEFAULT NULL,
  KEY `password_resets_email_index` (`email`)
) ENGINE=InnoDB DEFAULT CHARSET=utf8mb4 COLLATE=utf8mb4_unicode_ci;
/*!40101 SET character_set_client = @saved_cs_client */;

--
-- Dumping data for table `password_resets`
--

LOCK TABLES `password_resets` WRITE;
/*!40000 ALTER TABLE `password_resets` DISABLE KEYS */;
/*!40000 ALTER TABLE `password_resets` ENABLE KEYS */;
UNLOCK TABLES;

--
-- Table structure for table `permissions`
--

DROP TABLE IF EXISTS `permissions`;
/*!40101 SET @saved_cs_client     = @@character_set_client */;
/*!50503 SET character_set_client = utf8mb4 */;
CREATE TABLE `permissions` (
  `id` bigint unsigned NOT NULL AUTO_INCREMENT,
  `name` varchar(255) CHARACTER SET utf8mb4 COLLATE utf8mb4_unicode_ci NOT NULL,
  `guard_name` varchar(255) CHARACTER SET utf8mb4 COLLATE utf8mb4_unicode_ci NOT NULL,
  `created_at` timestamp NULL DEFAULT NULL,
  `updated_at` timestamp NULL DEFAULT NULL,
  PRIMARY KEY (`id`),
  UNIQUE KEY `permissions_name_guard_name_unique` (`name`,`guard_name`)
) ENGINE=InnoDB AUTO_INCREMENT=171 DEFAULT CHARSET=utf8mb4 COLLATE=utf8mb4_unicode_ci;
/*!40101 SET character_set_client = @saved_cs_client */;

--
-- Dumping data for table `permissions`
--

LOCK TABLES `permissions` WRITE;
/*!40000 ALTER TABLE `permissions` DISABLE KEYS */;
INSERT INTO `permissions` VALUES (93,'role-list','web','2021-03-18 01:03:38','2021-03-18 01:03:38'),(94,'role-create','web','2021-03-18 01:03:38','2021-03-18 01:03:38'),(95,'role-edit','web','2021-03-18 01:03:39','2021-03-18 01:03:39'),(96,'role-delete','web','2021-03-18 01:03:39','2021-03-18 01:03:39'),(105,'balita-list','web','2021-03-18 01:03:39','2021-03-18 01:03:39'),(106,'balita-create','web','2021-03-18 01:03:39','2021-03-18 01:03:39'),(107,'balita-edit','web','2021-03-18 01:03:39','2021-03-18 01:03:39'),(108,'balita-delete','web','2021-03-18 01:03:39','2021-03-18 01:03:39'),(117,'user-list','web','2021-03-18 10:27:32','2021-03-18 10:27:32'),(118,'user-create','web','2021-03-18 10:27:32','2021-03-18 10:27:32'),(119,'user-edit','web','2021-03-18 10:28:18','2021-03-18 10:28:18'),(120,'user-delete','web','2021-03-18 10:28:18','2021-03-18 10:27:32'),(147,'puskesmas-edit','web','2021-07-11 17:44:44','2021-07-11 17:44:44'),(148,'puskesmas-delete','web','2021-07-11 17:44:44','2021-07-11 17:44:44'),(149,'kabupaten-list','web','2021-07-12 04:58:07','2021-07-12 04:58:07'),(150,'kabupaten-create','web','2021-07-12 04:58:07','2021-07-12 04:58:07'),(151,'kabupaten-edit','web','2021-07-12 04:58:07','2021-07-12 04:58:07'),(152,'kabupaten-delete','web','2021-07-12 04:58:07','2021-07-12 04:58:07'),(153,'kecamatan-list','web','2021-07-12 05:29:35','2021-07-12 05:29:35'),(154,'kecamatan-create','web','2021-07-12 05:29:35','2021-07-12 05:29:35'),(155,'kecamatan-edit','web','2021-07-12 05:29:35','2021-07-12 05:29:35'),(156,'kecamatan-delete','web','2021-07-12 05:29:35','2021-07-12 05:29:35'),(157,'kelurahan-list','web','2021-07-12 05:29:35','2021-07-12 05:29:35'),(158,'kelurahan-create','web','2021-07-12 05:29:35','2021-07-12 05:29:35'),(159,'kelurahan-edit','web','2021-07-12 05:29:35','2021-07-12 05:29:35'),(160,'kelurahan-delete','web','2021-07-12 05:29:35','2021-07-12 05:29:35'),(161,'propinsi-list','web','2022-02-17 21:18:59','2022-02-17 21:18:59'),(162,'propinsi-create','web','2022-02-17 21:18:59','2022-02-17 21:18:59'),(163,'propinsi-edit','web','2022-02-17 21:18:59','2022-02-17 21:18:59'),(164,'propinsi-delete','web','2022-02-17 21:18:59','2022-02-17 21:18:59'),(165,'puskesmas-list','wweb','2022-10-15 13:07:35','2022-10-15 13:07:35'),(166,'puskesmas-create','web','2022-10-15 13:07:35','2022-10-15 13:07:35'),(167,'stunting-list','web','2022-10-15 13:08:25','2022-10-15 13:08:25'),(168,'stunting-create','web','2022-10-15 13:08:25','2022-10-15 13:08:25'),(169,'stunting-edit','web','2022-10-15 13:08:25','2022-10-15 13:08:25'),(170,'stunting-delete','web','2022-10-15 13:08:25','2022-10-15 13:08:25');
/*!40000 ALTER TABLE `permissions` ENABLE KEYS */;
UNLOCK TABLES;

--
-- Table structure for table `propinsi`
--

DROP TABLE IF EXISTS `propinsi`;
/*!40101 SET @saved_cs_client     = @@character_set_client */;
/*!50503 SET character_set_client = utf8mb4 */;
CREATE TABLE `propinsi` (
  `id` bigint unsigned NOT NULL AUTO_INCREMENT,
  `nama` varchar(255) CHARACTER SET utf8mb4 COLLATE utf8mb4_unicode_ci NOT NULL,
  `slug` varchar(255) CHARACTER SET utf8mb4 COLLATE utf8mb4_unicode_ci NOT NULL,
  `created_at` timestamp NULL DEFAULT NULL,
  `updated_at` timestamp NULL DEFAULT NULL,
  PRIMARY KEY (`id`)
) ENGINE=InnoDB AUTO_INCREMENT=2 DEFAULT CHARSET=utf8mb4 COLLATE=utf8mb4_unicode_ci;
/*!40101 SET character_set_client = @saved_cs_client */;

--
-- Dumping data for table `propinsi`
--

LOCK TABLES `propinsi` WRITE;
/*!40000 ALTER TABLE `propinsi` DISABLE KEYS */;
INSERT INTO `propinsi` VALUES (1,'SULAWESI UTARA ','sulawesi-utara','2022-10-15 01:50:17','2022-10-15 01:50:17');
/*!40000 ALTER TABLE `propinsi` ENABLE KEYS */;
UNLOCK TABLES;

--
-- Table structure for table `puskesmas`
--

DROP TABLE IF EXISTS `puskesmas`;
/*!40101 SET @saved_cs_client     = @@character_set_client */;
/*!50503 SET character_set_client = utf8mb4 */;
CREATE TABLE `puskesmas` (
  `id` bigint unsigned NOT NULL AUTO_INCREMENT,
  `id_kecamatan` bigint unsigned DEFAULT NULL,
  `nama` varchar(255) CHARACTER SET utf8mb4 COLLATE utf8mb4_unicode_ci NOT NULL,
  `slug` varchar(255) CHARACTER SET utf8mb4 COLLATE utf8mb4_unicode_ci NOT NULL,
  `created_at` timestamp NULL DEFAULT NULL,
  `updated_at` timestamp NULL DEFAULT NULL,
  PRIMARY KEY (`id`)
) ENGINE=InnoDB AUTO_INCREMENT=10 DEFAULT CHARSET=utf8mb4 COLLATE=utf8mb4_unicode_ci;
/*!40101 SET character_set_client = @saved_cs_client */;

--
-- Dumping data for table `puskesmas`
--

LOCK TABLES `puskesmas` WRITE;
/*!40000 ALTER TABLE `puskesmas` DISABLE KEYS */;
INSERT INTO `puskesmas` VALUES (1,1,'BUYAT ','buyat','2022-10-15 02:29:52','2022-10-15 02:29:52'),(2,2,'MODAYAG ','modayag','2022-10-15 02:29:52','2022-10-15 02:29:52'),(3,1,'KOTABUNAN ','kotabunan','2022-10-15 02:29:52','2022-10-15 02:29:52'),(4,3,'MOTONGKAD ','motongkad','2022-10-15 02:29:52','2022-10-15 02:29:52'),(5,4,'MODAYAG BARAT ','modayag-barat','2022-10-15 02:29:52','2022-10-15 02:29:52'),(6,5,'PUSKESMAS MOOAT ','puskesmas-mooat','2022-10-15 02:29:52','2022-10-15 02:29:52'),(7,6,'NUANGAN ','nuangan','2022-10-15 02:29:52','2022-10-15 02:29:52'),(8,7,'TUTUYAN ','tutuyan','2022-10-15 02:29:52','2022-10-15 02:29:52');
/*!40000 ALTER TABLE `puskesmas` ENABLE KEYS */;
UNLOCK TABLES;

--
-- Table structure for table `puskesmas_user`
--

DROP TABLE IF EXISTS `puskesmas_user`;
/*!40101 SET @saved_cs_client     = @@character_set_client */;
/*!50503 SET character_set_client = utf8mb4 */;
CREATE TABLE `puskesmas_user` (
  `id_puskesmas` bigint unsigned NOT NULL,
  `id_user` bigint unsigned NOT NULL
) ENGINE=InnoDB DEFAULT CHARSET=utf8mb4 COLLATE=utf8mb4_unicode_ci;
/*!40101 SET character_set_client = @saved_cs_client */;

--
-- Dumping data for table `puskesmas_user`
--

LOCK TABLES `puskesmas_user` WRITE;
/*!40000 ALTER TABLE `puskesmas_user` DISABLE KEYS */;
INSERT INTO `puskesmas_user` VALUES (2,26);
/*!40000 ALTER TABLE `puskesmas_user` ENABLE KEYS */;
UNLOCK TABLES;

--
-- Table structure for table `role_has_permissions`
--

DROP TABLE IF EXISTS `role_has_permissions`;
/*!40101 SET @saved_cs_client     = @@character_set_client */;
/*!50503 SET character_set_client = utf8mb4 */;
CREATE TABLE `role_has_permissions` (
  `permission_id` bigint unsigned NOT NULL,
  `role_id` bigint unsigned NOT NULL,
  PRIMARY KEY (`permission_id`,`role_id`),
  KEY `role_has_permissions_role_id_foreign` (`role_id`),
  CONSTRAINT `role_has_permissions_permission_id_foreign` FOREIGN KEY (`permission_id`) REFERENCES `permissions` (`id`) ON DELETE CASCADE,
  CONSTRAINT `role_has_permissions_role_id_foreign` FOREIGN KEY (`role_id`) REFERENCES `roles` (`id`) ON DELETE CASCADE
) ENGINE=InnoDB DEFAULT CHARSET=utf8mb4 COLLATE=utf8mb4_unicode_ci;
/*!40101 SET character_set_client = @saved_cs_client */;

--
-- Dumping data for table `role_has_permissions`
--

LOCK TABLES `role_has_permissions` WRITE;
/*!40000 ALTER TABLE `role_has_permissions` DISABLE KEYS */;
INSERT INTO `role_has_permissions` VALUES (93,1),(94,1),(95,1),(96,1),(105,1),(106,1),(107,1),(108,1),(117,1),(118,1),(119,1),(120,1),(147,1),(148,1),(149,1),(150,1),(151,1),(152,1),(105,6),(106,6),(107,6),(108,6),(119,6),(157,6),(158,6),(159,6),(160,6),(167,6),(168,6),(169,6),(170,6);
/*!40000 ALTER TABLE `role_has_permissions` ENABLE KEYS */;
UNLOCK TABLES;

--
-- Table structure for table `roles`
--

DROP TABLE IF EXISTS `roles`;
/*!40101 SET @saved_cs_client     = @@character_set_client */;
/*!50503 SET character_set_client = utf8mb4 */;
CREATE TABLE `roles` (
  `id` bigint unsigned NOT NULL AUTO_INCREMENT,
  `name` varchar(255) CHARACTER SET utf8mb4 COLLATE utf8mb4_unicode_ci NOT NULL,
  `guard_name` varchar(255) CHARACTER SET utf8mb4 COLLATE utf8mb4_unicode_ci NOT NULL,
  `created_at` timestamp NULL DEFAULT NULL,
  `updated_at` timestamp NULL DEFAULT NULL,
  PRIMARY KEY (`id`),
  UNIQUE KEY `roles_name_guard_name_unique` (`name`,`guard_name`)
) ENGINE=InnoDB AUTO_INCREMENT=7 DEFAULT CHARSET=utf8mb4 COLLATE=utf8mb4_unicode_ci;
/*!40101 SET character_set_client = @saved_cs_client */;

--
-- Dumping data for table `roles`
--

LOCK TABLES `roles` WRITE;
/*!40000 ALTER TABLE `roles` DISABLE KEYS */;
INSERT INTO `roles` VALUES (1,'Admin','web','2021-03-18 01:05:27','2021-03-18 01:05:27'),(6,'Puskesmas','web','2022-01-28 17:20:04','2022-01-28 17:20:04');
/*!40000 ALTER TABLE `roles` ENABLE KEYS */;
UNLOCK TABLES;

--
-- Table structure for table `stunting`
--

DROP TABLE IF EXISTS `stunting`;
/*!40101 SET @saved_cs_client     = @@character_set_client */;
/*!50503 SET character_set_client = utf8mb4 */;
CREATE TABLE `stunting` (
  `id` bigint unsigned NOT NULL AUTO_INCREMENT,
  `id_balita` bigint unsigned NOT NULL,
  `tahun` int NOT NULL,
  `bulan` int NOT NULL,
  `hari` int NOT NULL,
  `tgl_pengukuran` date NOT NULL,
  `berat` varchar(255) COLLATE utf8mb4_unicode_ci NOT NULL,
  `tinggi` varchar(255) COLLATE utf8mb4_unicode_ci NOT NULL,
  `lila` varchar(255) COLLATE utf8mb4_unicode_ci NOT NULL,
  `bb_per_u` varchar(255) COLLATE utf8mb4_unicode_ci NOT NULL,
  `zs_bb_per_u` varchar(255) COLLATE utf8mb4_unicode_ci NOT NULL,
  `tb_per_u` varchar(255) COLLATE utf8mb4_unicode_ci NOT NULL,
  `zs_tb_per_u` varchar(255) COLLATE utf8mb4_unicode_ci NOT NULL,
  `bb_per_tb` varchar(255) COLLATE utf8mb4_unicode_ci NOT NULL,
  `zs_bb_per_tb` varchar(255) COLLATE utf8mb4_unicode_ci NOT NULL,
  `naik_berat_badan` varchar(255) COLLATE utf8mb4_unicode_ci NOT NULL,
  `pmt_diterima` varchar(255) COLLATE utf8mb4_unicode_ci NOT NULL,
  `jml_vit_a` varchar(255) COLLATE utf8mb4_unicode_ci NOT NULL,
  `kpsp` varchar(255) COLLATE utf8mb4_unicode_ci NOT NULL,
  `kia` varchar(255) COLLATE utf8mb4_unicode_ci NOT NULL,
  `created_at` timestamp NULL DEFAULT NULL,
  `updated_at` timestamp NULL DEFAULT NULL,
  PRIMARY KEY (`id`)
) ENGINE=InnoDB AUTO_INCREMENT=356 DEFAULT CHARSET=utf8mb4 COLLATE=utf8mb4_unicode_ci;
/*!40101 SET character_set_client = @saved_cs_client */;

--
-- Dumping data for table `stunting`
--

LOCK TABLES `stunting` WRITE;
/*!40000 ALTER TABLE `stunting` DISABLE KEYS */;
INSERT INTO `stunting` VALUES (1,1,4,5,12,'2022-08-19','12','93.8','0','Kurang','-2.61','Pendek','-2.67','Gizi Baik','-1.42','O','-','1','- ','- ','2022-10-15 03:07:16','2022-10-15 03:07:16'),(2,2,4,4,6,'2022-08-25','12','92.5','0','Kurang','-2.52','Pendek','-2.83','Gizi Baik','-1.14','O','-','1','- ','- ','2022-10-15 03:07:16','2022-10-15 03:07:16'),(3,3,4,1,28,'2022-08-12','14.5','94.4','17','Berat Badan Normal','-0.9','Pendek','-2.16','Gizi Baik','0.59','T','-','1','- ','- ','2022-10-15 03:07:16','2022-10-15 03:07:16'),(4,4,4,5,23,'2022-08-10','15','93.5','14.9','Berat Badan Normal','-1.1','Pendek','-2.96','Risiko Gizi Lebih','1.11','O','-','1','- ','- ','2022-10-15 03:07:16','2022-10-15 03:07:16'),(5,5,4,7,28,'2022-08-30','13','99','0','Kurang','-2.36','Pendek','-2.1','Gizi Baik','-1.71','N','-','1','- ','- ','2022-10-15 03:07:16','2022-10-15 03:07:16'),(6,6,4,10,23,'2022-08-15','13.6','99','0','Berat Badan Normal','-2','Pendek','-2.22','Gizi Baik','-0.91','N','-','1','- ','- ','2022-10-15 03:07:17','2022-10-15 03:07:17'),(7,7,4,2,16,'2022-08-23','10.5','90','14','Sangat Kurang','-3.65','Sangat Pendek','-3.44','Gizi Kurang','-2.64','N','-','1','- ','- ','2022-10-15 03:07:17','2022-10-15 03:07:17'),(8,8,4,7,19,'2022-08-17','12','94','0','Kurang','-2.98','Sangat Pendek','-3.19','Gizi Baik','-1.65','N','-','1','- ','- ','2022-10-15 03:07:17','2022-10-15 03:07:17'),(9,9,4,10,20,'2022-08-18','16','97.3','0','Berat Badan Normal','-0.93','Pendek','-2.6','Risiko Gizi Lebih','1.08','N','-','1','- ','- ','2022-10-15 03:07:17','2022-10-15 03:07:17'),(10,10,4,10,3,'2022-08-06','15','97.4','16','Berat Badan Normal','-1.24','Pendek','-2.35','Gizi Baik','0.36','O','-','1','- ','- ','2022-10-15 03:07:17','2022-10-15 03:07:17'),(11,11,4,6,8,'2022-08-19','12.25','92.5','14.5','Kurang','-2.73','Sangat Pendek','-3.24','Gizi Baik','-1.2','N','-','1','- ','- ','2022-10-15 03:07:17','2022-10-15 03:07:17'),(12,12,4,9,19,'2022-08-12','12.5','98','0','Kurang','-2.78','Pendek','-2.34','Gizi Kurang','-2.15','N','-','1','- ','- ','2022-10-15 03:07:17','2022-10-15 03:07:17'),(13,13,4,2,0,'2022-08-07','13.4','92.5','0','Berat Badan Normal','-1.5','Pendek','-2.6','Gizi Baik','0.11','O','-','1','- ','- ','2022-10-15 03:07:17','2022-10-15 03:07:17'),(14,14,3,6,14,'2022-08-06','13','90.1','16','Berat Badan Normal','-1.39','Pendek','-2.52','Gizi Baik','0.09','O','-','1','- ','- ','2022-10-15 03:07:17','2022-10-15 03:07:17'),(15,15,4,3,14,'2022-08-08','13','95','0','Berat Badan Normal','-1.85','Pendek','-2.35','Gizi Baik','-0.6','O','-','1','- ','- ','2022-10-15 03:07:17','2022-10-15 03:07:17'),(16,16,3,7,10,'2022-08-13','14.3','89','16','Berat Badan Normal','-0.68','Pendek','-2.9','Risiko Gizi Lebih','1.49','N','-','1','- ','- ','2022-10-15 03:07:17','2022-10-15 03:07:17'),(17,17,3,11,28,'2022-08-26','15','94','16','Berat Badan Normal','-0.5','Pendek','-2.02','Risiko Gizi Lebih','1.04','O','-','1','- ','- ','2022-10-15 03:07:17','2022-10-15 03:07:17'),(18,18,4,8,5,'2022-08-25','13.5','92','0','Berat Badan Normal','-1.89','Sangat Pendek','-3.33','Gizi Baik','0.3','N','-','1','- ','- ','2022-10-15 03:07:17','2022-10-15 03:07:17'),(19,19,4,2,7,'2022-08-12','11.6','93','0','Kurang','-2.65','Pendek','-2.51','Gizi Baik','-1.65','O','-','1','- ','- ','2022-10-15 03:07:17','2022-10-15 03:07:17'),(20,20,4,1,16,'2022-08-12','11','92.1','0','Sangat Kurang','-3.02','Pendek','-2.64','Gizi Kurang','-2.08','O','-','1','- ','- ','2022-10-15 03:07:17','2022-10-15 03:07:17'),(21,21,4,1,26,'2022-08-10','10','87','0','Sangat Kurang','-3.72','Sangat Pendek','-3.84','Gizi Kurang','-2.02','N','-','1','- ','- ','2022-10-15 03:07:17','2022-10-15 03:07:17'),(22,22,4,0,26,'2022-08-12','12','93.5','0','Kurang','-2.27','Pendek','-2.24','Gizi Baik','-1.36','O','-','1','- ','- ','2022-10-15 03:07:17','2022-10-15 03:07:17'),(23,23,4,10,13,'2022-08-10','14.8','98','15','Berat Badan Normal','-1.36','Pendek','-2.26','Gizi Baik','0.1','O','-','1','- ','- ','2022-10-15 03:07:17','2022-10-15 03:07:17'),(24,24,4,9,0,'2022-08-10','14','99','15','Berat Badan Normal','-1.85','Pendek','-2.06','Gizi Baik','-0.92','O','-','1','- ','- ','2022-10-15 03:07:17','2022-10-15 03:07:17'),(25,25,4,3,0,'2022-08-04','13.3','95.5','15','Berat Badan Normal','-1.86','Pendek','-2.21','Gizi Baik','-0.8','N','-','1','- ','- ','2022-10-15 03:07:17','2022-10-15 03:07:17'),(26,26,4,1,10,'2022-08-10','14','94','0','Berat Badan Normal','-1.33','Pendek','-2.38','Gizi Baik','0.16','O','-','1','- ','- ','2022-10-15 03:07:17','2022-10-15 03:07:17'),(27,27,3,8,28,'2022-08-10','12.2','92','15','Berat Badan Normal','-1.84','Pendek','-2.12','Gizi Baik','-0.84','O','-','1','- ','- ','2022-10-15 03:07:17','2022-10-15 03:07:17'),(28,28,3,6,27,'2022-08-10','11','90','13','Kurang','-2.8','Pendek','-2.6','Gizi Kurang','-2.03','O','-','1','- ','- ','2022-10-15 03:07:17','2022-10-15 03:07:17'),(29,29,4,1,4,'2022-08-24','13','93.9','0','Berat Badan Normal','-1.67','Pendek','-2.18','Gizi Baik','-0.52','O','-','1','- ','- ','2022-10-15 03:07:17','2022-10-15 03:07:17'),(30,30,3,11,27,'2022-08-09','10','85','0','Sangat Kurang','-3.61','Sangat Pendek','-4.11','Gizi Baik','-1.5','O','-','1','- ','- ','2022-10-15 03:07:17','2022-10-15 03:07:17'),(31,31,3,8,5,'2022-08-19','11','88.7','0','Kurang','-2.61','Pendek','-2.82','Gizi Baik','-1.3','O','-','1','- ','- ','2022-10-15 03:07:17','2022-10-15 03:07:17'),(32,32,3,10,12,'2022-08-24','11','90','0','Sangat Kurang','-3.06','Sangat Pendek','-3.01','Gizi Kurang','-2.03','O','-','1','- ','- ','2022-10-15 03:07:17','2022-10-15 03:07:17'),(33,33,4,0,20,'2022-08-20','12','95.2','0','Kurang','-2.51','Pendek','-2.01','Gizi Kurang','-2.07','O','-','1','- ','- ','2022-10-15 03:07:17','2022-10-15 03:07:17'),(34,34,3,10,27,'2022-08-09','11.5','91.4','0','Kurang','-2.47','Pendek','-2.51','Gizi Baik','-1.4','N','-','1','- ','- ','2022-10-15 03:07:17','2022-10-15 03:07:17'),(35,35,4,2,0,'2022-08-16','10','89','0','Sangat Kurang','-3.73','Sangat Pendek','-3.4','Gizi Kurang','-2.52','N','-','1','- ','- ','2022-10-15 03:07:17','2022-10-15 03:07:17'),(36,36,3,9,22,'2022-08-22','11.7','92.4','14','Kurang','-2.51','Pendek','-2.35','Gizi Baik','-1.78','N','-','1','- ','- ','2022-10-15 03:07:17','2022-10-15 03:07:17'),(37,37,4,8,5,'2022-08-11','13.9','98','0','Berat Badan Normal','-1.85','Pendek','-2.2','Gizi Baik','-0.79','N','-','1','- ','- ','2022-10-15 03:07:17','2022-10-15 03:07:17'),(38,38,3,8,1,'2022-08-10','12','90','0','Berat Badan Normal','-1.89','Pendek','-2.66','Gizi Baik','-0.44','N','-','1','- ','- ','2022-10-15 03:07:17','2022-10-15 03:07:17'),(39,39,3,8,21,'2022-08-24','11','92','15','Kurang','-2.94','Pendek','-2.32','Gizi Kurang','-2.5','N','-','1','- ','- ','2022-10-15 03:07:17','2022-10-15 03:07:17'),(40,40,3,3,25,'2022-08-16','12.2','90.2','0','Berat Badan Normal','-1.69','Pendek','-2.15','Gizi Baik','-0.73','N','-','1','- ','- ','2022-10-15 03:07:17','2022-10-15 03:07:17'),(41,41,4,4,21,'2022-08-12','12','97','0','Kurang','-2.79','Pendek','-2.21','Gizi Kurang','-2.31','N','-','1','- ','- ','2022-10-15 03:07:17','2022-10-15 03:07:17'),(42,42,4,2,26,'2022-08-12','12','96','0','Kurang','-2.42','Pendek','-2.06','Gizi Baik','-1.74','N','-','1','- ','- ','2022-10-15 03:07:17','2022-10-15 03:07:17'),(43,43,3,9,15,'2022-08-19','11.3','93.2','0','Kurang','-2.77','Pendek','-2.29','Gizi Kurang','-2.26','N','-','1','- ','- ','2022-10-15 03:07:17','2022-10-15 03:07:17'),(44,44,3,9,2,'2022-08-19','12.5','90','0','Berat Badan Normal','-1.92','Sangat Pendek','-3.03','Gizi Baik','-0.22','N','-','1','- ','- ','2022-10-15 03:07:17','2022-10-15 03:07:17'),(45,45,3,10,9,'2022-08-13','12','92','0','Kurang','-2.08','Pendek','-2.46','Gizi Baik','-0.88','N','-','1','- ','- ','2022-10-15 03:07:17','2022-10-15 03:07:17'),(46,46,3,11,4,'2022-08-19','12','90','0','Kurang','-2.14','Pendek','-2.86','Gizi Baik','-0.59','O','-','1','- ','- ','2022-10-15 03:07:17','2022-10-15 03:07:17'),(47,47,3,9,13,'2022-08-06','12','91.1','13.5','Kurang','-2.28','Pendek','-2.8','Gizi Baik','-0.99','O','-','1','- ','- ','2022-10-15 03:07:17','2022-10-15 03:07:17'),(48,48,3,11,14,'2022-08-26','11','90','0','Kurang','-2.87','Pendek','-2.9','Gizi Baik','-1.61','O','-','1','- ','- ','2022-10-15 03:07:17','2022-10-15 03:07:17'),(49,49,4,0,27,'2022-08-07','10.7','92','0','Sangat Kurang','-3.42','Pendek','-2.96','Gizi Kurang','-2.71','O','-','1','- ','- ','2022-10-15 03:07:17','2022-10-15 03:07:17'),(50,50,3,9,8,'2022-08-07','13','92.5','0','Berat Badan Normal','-1.61','Pendek','-2.44','Gizi Baik','-0.29','O','-','1','- ','- ','2022-10-15 03:07:17','2022-10-15 03:07:17'),(51,51,3,7,19,'2022-08-30','13','91','0','Berat Badan Normal','-1.22','Pendek','-2.37','Gizi Baik','0.24','O','-','1','- ','- ','2022-10-15 03:07:17','2022-10-15 03:07:17'),(52,52,3,9,29,'2022-08-16','13.2','91.4','0','Berat Badan Normal','-1.54','Pendek','-2.62','Gizi Baik','-0.01','O','-','1','- ','- ','2022-10-15 03:07:17','2022-10-15 03:07:17'),(53,53,3,7,23,'2022-08-18','9.73','92','0','Sangat Kurang','-3.78','Pendek','-2.38','Gizi Buruk','-3.91','N','-','1','- ','- ','2022-10-15 03:07:17','2022-10-15 03:07:17'),(54,54,4,10,16,'2022-08-13','13.1','95.7','14','Kurang','-2.47','Pendek','-2.94','Gizi Baik','-1.04','N','-','1','- ','- ','2022-10-15 03:07:17','2022-10-15 03:07:17'),(55,55,4,3,2,'2022-08-12','14.7','92.8','15','Berat Badan Normal','-1.07','Pendek','-2.84','Risiko Gizi Lebih','1.01','O','-','1','- ','- ','2022-10-15 03:07:17','2022-10-15 03:07:17'),(56,57,4,5,21,'2022-08-06','12.45','92','16','Kurang','-2.34','Sangat Pendek','-3.1','Gizi Baik','-0.61','O','-','1','- ','- ','2022-10-15 03:07:17','2022-10-15 03:07:17'),(57,58,4,0,26,'2022-08-31','13','88.4','0','Berat Badan Normal','-1.88','Sangat Pendek','-3.81','Gizi Baik','0.64','N','-','1','- ','- ','2022-10-15 03:07:17','2022-10-15 03:07:17'),(58,60,4,9,29,'2022-08-20','12','92','14','Kurang','-2.91','Sangat Pendek','-3.64','Gizi Baik','-0.88','N','-','1','- ','- ','2022-10-15 03:07:17','2022-10-15 03:07:17'),(59,61,3,9,28,'2022-08-30','13','92','14','Berat Badan Normal','-1.42','Pendek','-2.41','Gizi Baik','0.03','N','-','1','- ','- ','2022-10-15 03:07:17','2022-10-15 03:07:17'),(60,62,4,0,25,'2022-08-20','14','92','15','Berat Badan Normal','-1.08','Pendek','-2.58','Gizi Baik','0.7','N','-','1','- ','- ','2022-10-15 03:07:17','2022-10-15 03:07:17'),(61,63,3,5,15,'2022-08-19','15.1','89','17','Berat Badan Normal','0.11','Pendek','-2.4','Gizi Lebih','2.13','N','-','1','- ','- ','2022-10-15 03:07:17','2022-10-15 03:07:17'),(62,64,4,2,15,'2022-08-10','13','93','0','Berat Badan Normal','-2','Pendek','-2.74','Gizi Baik','-0.55','N','-','1','- ','- ','2022-10-15 03:07:17','2022-10-15 03:07:17'),(63,65,4,3,15,'2022-08-27','12.3','95.5','14','Kurang','-2.51','Pendek','-2.26','Gizi Baik','-1.81','O','-','1','- ','- ','2022-10-15 03:07:17','2022-10-15 03:07:17'),(64,66,3,11,10,'2022-08-08','13','93','16','Berat Badan Normal','-1.53','Pendek','-2.18','Gizi Baik','-0.33','O','-','1','- ','- ','2022-10-15 03:07:17','2022-10-15 03:07:17'),(65,67,3,3,2,'2022-08-04','12','88','14','Berat Badan Normal','-1.76','Pendek','-2.62','Gizi Baik','-0.42','O','-','1','- ','- ','2022-10-15 03:07:17','2022-10-15 03:07:17'),(66,68,3,2,30,'2022-08-08','12.2','89.7','14','Berat Badan Normal','-1.61','Pendek','-2.16','Gizi Baik','-0.62','N','-','1','- ','- ','2022-10-15 03:07:17','2022-10-15 03:07:17'),(67,69,3,1,6,'2022-08-15','14','82.7','14.3','Berat Badan Normal','-0.04','Sangat Pendek','-3.42','Gizi Lebih','2.74','O','-','1','- ','- ','2022-10-15 03:07:17','2022-10-15 03:07:17'),(68,70,3,2,11,'2022-08-25','8.8','87','14','Sangat Kurang','-3.87','Pendek','-2.47','Gizi Buruk','-3.54','O','-','1','- ','- ','2022-10-15 03:07:17','2022-10-15 03:07:17'),(69,71,3,10,21,'2022-08-27','12.9','93','14','Berat Badan Normal','-1.79','Pendek','-2.32','Gizi Baik','-0.65','N','-','1','- ','- ','2022-10-15 03:07:17','2022-10-15 03:07:17'),(70,72,3,0,20,'2022-08-10','11.5','87','0','Berat Badan Normal','-1.9','Pendek','-2.55','Gizi Baik','-0.7','T','-','1','- ','- ','2022-10-15 03:07:17','2022-10-15 03:07:17'),(71,73,3,7,11,'2022-08-18','10.6','79.7','14','Kurang','-2.85','Sangat Pendek','-4.9','Gizi Baik','0.46','N','-','1','- ','- ','2022-10-15 03:07:17','2022-10-15 03:07:17'),(72,74,3,0,18,'2022-08-17','12','87','0','Berat Badan Normal','-1.2','Pendek','-2.39','Gizi Baik','0.26','N','-','1','- ','- ','2022-10-15 03:07:17','2022-10-15 03:07:17'),(73,75,3,2,9,'2022-08-08','11','84.2','0','Kurang','-2.08','Sangat Pendek','-3.18','Gizi Baik','-0.2','O','-','1','- ','- ','2022-10-15 03:07:17','2022-10-15 03:07:17'),(74,76,3,7,26,'2022-08-31','10.9','90','0','Kurang','-2.95','Pendek','-2.89','Gizi Baik','-1.97','N','-','1','- ','- ','2022-10-15 03:07:17','2022-10-15 03:07:17'),(75,77,3,5,9,'2022-08-13','11','85','0','Kurang','-2.67','Sangat Pendek','-3.84','Gizi Baik','-0.55','N','-','1','- ','- ','2022-10-15 03:07:17','2022-10-15 03:07:17'),(76,78,3,11,27,'2022-08-15','12','95','0','Kurang','-2.46','Pendek','-2.14','Gizi Baik','-1.87','N','-','1','- ','- ','2022-10-15 03:07:17','2022-10-15 03:07:17'),(77,79,3,1,3,'2022-08-11','12','88','0','Berat Badan Normal','-1.58','Pendek','-2.53','Gizi Baik','-0.24','O','-','1','- ','- ','2022-10-15 03:07:17','2022-10-15 03:07:17'),(78,80,3,0,26,'2022-08-31','10.9','85.5','0','Kurang','-2.02','Pendek','-2.64','Gizi Baik','-0.63','N','-','1','- ','- ','2022-10-15 03:07:17','2022-10-15 03:07:17'),(79,81,3,1,24,'2022-08-30','12.5','86','15','Berat Badan Normal','-0.99','Pendek','-2.83','Gizi Baik','0.95','N','-','1','- ','- ','2022-10-15 03:07:17','2022-10-15 03:07:17'),(80,82,3,0,30,'2022-08-30','11.7','89','15','Berat Badan Normal','-1.78','Pendek','-2.25','Gizi Baik','-0.81','N','-','1','- ','- ','2022-10-15 03:07:17','2022-10-15 03:07:17'),(81,84,3,1,8,'2022-08-13','12.1','88','16','Berat Badan Normal','-1.53','Pendek','-2.55','Gizi Baik','-0.14','O','-','1','- ','- ','2022-10-15 03:07:17','2022-10-15 03:07:17'),(82,85,3,0,9,'2022-08-07','13','87.6','0','Berat Badan Normal','-0.84','Pendek','-2.52','Gizi Baik','0.84','O','-','1','- ','- ','2022-10-15 03:07:17','2022-10-15 03:07:17'),(83,86,2,11,2,'2022-08-07','10','87','0','Kurang','-2.93','Pendek','-2.51','Gizi Kurang','-2.31','O','-','1','- ','- ','2022-10-15 03:07:17','2022-10-15 03:07:17'),(84,87,3,3,4,'2022-08-13','11','88.6','0','Kurang','-2.17','Pendek','-2.36','Gizi Baik','-1.11','N','-','1','- ','- ','2022-10-15 03:07:17','2022-10-15 03:07:17'),(85,88,4,1,7,'2022-08-13','13.9','92.4','0','Berat Badan Normal','-1.17','Pendek','-2.54','Gizi Baik','0.54','N','-','1','- ','- ','2022-10-15 03:07:17','2022-10-15 03:07:17'),(86,89,3,4,6,'2022-08-30','11','90','0','Kurang','-2.58','Pendek','-2.25','Gizi Kurang','-2.03','N','-','1','- ','- ','2022-10-15 03:07:17','2022-10-15 03:07:17'),(87,90,3,2,28,'2022-08-30','12','90','0','Berat Badan Normal','-1.74','Pendek','-2.08','Gizi Baik','-0.9','N','-','1','- ','- ','2022-10-15 03:07:17','2022-10-15 03:07:17'),(88,91,4,9,25,'2022-08-31','14.6','98','0','Berat Badan Normal','-1.58','Pendek','-2.52','Gizi Baik','-0.03','N','-','1','- ','- ','2022-10-15 03:07:17','2022-10-15 03:07:17'),(89,92,3,1,19,'2022-08-13','10','87','0','Kurang','-2.82','Pendek','-2.55','Gizi Baik','-1.84','N','-','1','- ','- ','2022-10-15 03:07:17','2022-10-15 03:07:17'),(90,93,3,1,29,'2022-08-08','12.8','88.2','0','Berat Badan Normal','-0.82','Pendek','-2.11','Gizi Baik','0.54','N','-','1','- ','- ','2022-10-15 03:07:17','2022-10-15 03:07:17'),(91,94,3,1,3,'2022-08-04','10','83','0','Kurang','-2.77','Sangat Pendek','-3.32','Gizi Baik','-0.99','N','-','1','- ','- ','2022-10-15 03:07:17','2022-10-15 03:07:17'),(92,95,4,2,20,'2022-08-31','13.1','96','0','Berat Badan Normal','-1.95','Pendek','-2.22','Gizi Baik','-0.95','N','-','1','- ','- ','2022-10-15 03:07:17','2022-10-15 03:07:17'),(93,96,4,2,12,'2022-08-10','12','95','0','Kurang','-2.64','Pendek','-2.42','Gizi Baik','-1.87','O','-','1','- ','- ','2022-10-15 03:07:17','2022-10-15 03:07:17'),(94,97,3,0,7,'2022-08-06','12','87.5','0','Berat Badan Normal','-1.5','Pendek','-2.35','Gizi Baik','-0.29','O','-','1','- ','- ','2022-10-15 03:07:17','2022-10-15 03:07:17'),(95,98,2,9,19,'2022-08-06','10','85.7','0','Kurang','-2.4','Pendek','-2.08','Gizi Baik','-1.69','O','-','1','- ','- ','2022-10-15 03:07:17','2022-10-15 03:07:17'),(96,99,2,11,8,'2022-08-06','11','85.7','13.5','Kurang','-2.15','Pendek','-2.89','Gizi Baik','-0.73','O','-','1','- ','- ','2022-10-15 03:07:17','2022-10-15 03:07:17'),(97,100,3,8,12,'2022-08-10','11.3','91','0','Kurang','-2.41','Pendek','-2.3','Gizi Baik','-1.52','N','-','1','- ','- ','2022-10-15 03:07:17','2022-10-15 03:07:17'),(98,101,3,1,11,'2022-08-12','13','88.6','16','Berat Badan Normal','-0.94','Pendek','-2.22','Gizi Baik','0.43','N','-','1','- ','- ','2022-10-15 03:07:17','2022-10-15 03:07:17'),(99,102,4,4,24,'2022-08-13','13.3','95','15','Berat Badan Normal','-1.98','Pendek','-2.52','Gizi Baik','-0.7','N','-','1','- ','- ','2022-10-15 03:07:17','2022-10-15 03:07:17'),(100,103,2,9,1,'2022-08-15','11','85','14','Berat Badan Normal','-1.93','Pendek','-2.55','Gizi Baik','-0.73','O','-','1','- ','- ','2022-10-15 03:07:17','2022-10-15 03:07:17'),(101,104,3,0,2,'2022-08-16','11.7','88','15','Berat Badan Normal','-1.7','Pendek','-2.19','Gizi Baik','-0.74','N','-','1','- ','- ','2022-10-15 03:07:17','2022-10-15 03:07:17'),(102,105,3,2,0,'2022-08-16','12.9','88','15','Berat Badan Normal','-1.06','Pendek','-2.47','Gizi Baik','0.48','N','-','1','- ','- ','2022-10-15 03:07:17','2022-10-15 03:07:17'),(103,106,2,7,10,'2022-08-16','10.9','84.7','13.5','Berat Badan Normal','-1.41','Pendek','-2.14','Gizi Baik','-0.25','N','-','1','- ','- ','2022-10-15 03:07:17','2022-10-15 03:07:17'),(104,107,2,10,7,'2022-08-22','11','84.3','13','Berat Badan Normal','-1.66','Pendek','-2.55','Gizi Baik','-0.22','O','-','1','- ','- ','2022-10-15 03:07:17','2022-10-15 03:07:17'),(105,108,2,9,26,'2022-08-26','11.6','82','14','Berat Badan Normal','-1.56','Sangat Pendek','-3.51','Gizi Baik','0.66','N','-','1','- ','- ','2022-10-15 03:07:17','2022-10-15 03:07:17'),(106,109,4,0,24,'2022-08-24','14','95','15','Berat Badan Normal','-1.29','Pendek','-2.08','Gizi Baik','-0.05','O','-','1','- ','- ','2022-10-15 03:07:17','2022-10-15 03:07:17'),(107,110,2,7,22,'2022-08-08','10','86','0','Kurang','-2.61','Pendek','-2.26','Gizi Kurang','-2.03','O','-','1','- ','- ','2022-10-15 03:07:17','2022-10-15 03:07:17'),(108,111,2,7,22,'2022-08-08','11','86','0','Berat Badan Normal','-1.8','Pendek','-2.26','Gizi Baik','-0.81','O','-','1','- ','- ','2022-10-15 03:07:17','2022-10-15 03:07:17'),(109,112,2,7,11,'2022-08-08','10','82.8','0','Kurang','-2.14','Pendek','-2.68','Gizi Baik','-0.76','O','-','1','- ','- ','2022-10-15 03:07:17','2022-10-15 03:07:17'),(110,113,4,2,10,'2022-08-26','12.9','93.5','14','Kurang','-2.05','Pendek','-2.6','Gizi Baik','-0.76','O','-','1','- ','- ','2022-10-15 03:07:17','2022-10-15 03:07:17'),(111,114,2,8,4,'2022-08-20','11','84','15','Berat Badan Normal','-1.84','Pendek','-2.69','Gizi Baik','-0.47','N','-','1','- ','- ','2022-10-15 03:07:17','2022-10-15 03:07:17'),(112,115,2,6,29,'2022-08-20','11','83','15','Berat Badan Normal','-1.29','Pendek','-2.36','Gizi Baik','0.1','N','-','1','- ','- ','2022-10-15 03:07:17','2022-10-15 03:07:17'),(113,116,2,8,29,'2022-08-10','13.8','86','0','Berat Badan Normal','-0.01','Pendek','-2.26','Risiko Gizi Lebih','1.76','O','-','1','- ','- ','2022-10-15 03:07:17','2022-10-15 03:07:17'),(114,117,4,6,7,'2022-08-12','11.3','93','0','Sangat Kurang','-3.13','Sangat Pendek','-3.08','Gizi Baik','-1.81','O','-','1','- ','- ','2022-10-15 03:07:17','2022-10-15 03:07:17'),(115,118,2,7,21,'2022-08-31','9.5','80.1','0','Kurang','-2.63','Sangat Pendek','-3.48','Gizi Baik','-0.7','N','-','1','- ','- ','2022-10-15 03:07:17','2022-10-15 03:07:17'),(116,119,2,9,7,'2022-08-31','11.8','86','0','Berat Badan Normal','-0.98','Pendek','-2.12','Gizi Baik','0.32','N','-','1','- ','- ','2022-10-15 03:07:17','2022-10-15 03:07:17'),(117,120,2,11,1,'2022-08-31','9.9','86','0','Kurang','-2.64','Pendek','-2.41','Gizi Baik','-1.7','N','-','1','- ','- ','2022-10-15 03:07:17','2022-10-15 03:07:17'),(118,121,2,7,10,'2022-08-22','12','85','16','Berat Badan Normal','-1.02','Pendek','-2.27','Gizi Baik','0.34','T','-','1','- ','- ','2022-10-15 03:07:17','2022-10-15 03:07:17'),(119,122,2,8,20,'2022-08-31','10','83','0','Kurang','-2.71','Sangat Pendek','-3.25','Gizi Baik','-1.22','N','-','1','- ','- ','2022-10-15 03:07:17','2022-10-15 03:07:17'),(120,123,2,7,7,'2022-08-18','10.6','85.7','15','Kurang','-2.07','Pendek','-2.06','Gizi Baik','-1.39','N','-','1','- ','- ','2022-10-15 03:07:17','2022-10-15 03:07:17'),(121,124,3,0,13,'2022-08-16','10.5','83.8','0','Kurang','-2.29','Sangat Pendek','-3.02','Gizi Baik','-0.63','N','-','1','- ','- ','2022-10-15 03:07:17','2022-10-15 03:07:17'),(122,125,2,7,29,'2022-08-09','9.9','86.5','0','Kurang','-2.72','Pendek','-2.15','Gizi Kurang','-2.3','N','-','1','- ','- ','2022-10-15 03:07:17','2022-10-15 03:07:17'),(123,126,3,6,28,'2022-08-10','11.1','89.4','0','Kurang','-2.43','Pendek','-2.67','Gizi Baik','-1.2','O','-','1','- ','- ','2022-10-15 03:07:17','2022-10-15 03:07:17'),(124,127,2,7,11,'2022-08-08','12','85.7','0','Berat Badan Normal','-1.03','Pendek','-2.08','Gizi Baik','0.16','N','-','1','- ','- ','2022-10-15 03:07:17','2022-10-15 03:07:17'),(125,128,2,2,0,'2022-08-10','10','82.3','0','Berat Badan Normal','-1.97','Pendek','-2.05','Gizi Baik','-1.22','N','-','1','- ','- ','2022-10-15 03:07:17','2022-10-15 03:07:17'),(126,129,2,3,22,'2022-08-12','13.1','79.5','0','Berat Badan Normal','0.53','Pendek','-2.74','Gizi Lebih','2.74','N','-','1','- ','- ','2022-10-15 03:07:17','2022-10-15 03:07:17'),(127,130,2,3,30,'2022-08-13','10.5','82.4','0','Berat Badan Normal','-1.79','Pendek','-2.64','Gizi Baik','-0.47','N','-','1','- ','- ','2022-10-15 03:07:17','2022-10-15 03:07:17'),(128,131,3,0,13,'2022-08-25','9.5','85.9','0','Sangat Kurang','-3.13','Pendek','-2.47','Gizi Kurang','-2.35','N','-','1','- ','- ','2022-10-15 03:07:17','2022-10-15 03:07:17'),(129,132,2,11,18,'2022-08-24','10','88','0','Kurang','-2.98','Pendek','-2.12','Gizi Kurang','-2.78','O','-','1','- ','- ','2022-10-15 03:07:17','2022-10-15 03:07:17'),(130,133,2,7,25,'2022-08-24','9','82','0','Sangat Kurang','-3.48','Sangat Pendek','-3.21','Gizi Kurang','-2.49','O','-','1','- ','- ','2022-10-15 03:07:17','2022-10-15 03:07:17'),(131,134,2,6,24,'2022-08-30','9.5','84','0','Kurang','-2.52','Pendek','-2.05','Gizi Baik','-1.85','N','-','1','- ','- ','2022-10-15 03:07:17','2022-10-15 03:07:17'),(132,135,2,8,23,'2022-08-15','10.5','83','15','Kurang','-2.3','Sangat Pendek','-3.27','Gizi Baik','-0.62','N','-','1','- ','- ','2022-10-15 03:07:17','2022-10-15 03:07:17'),(133,136,2,11,25,'2022-08-15','11','85','14','Berat Badan Normal','-1.83','Pendek','-2.62','Gizi Baik','-0.4','O','-','1','- ','- ','2022-10-15 03:07:17','2022-10-15 03:07:17'),(134,137,2,9,28,'2022-08-24','11.5','87','15','Berat Badan Normal','-1.64','Pendek','-2.14','Gizi Baik','-0.7','N','-','1','- ','- ','2022-10-15 03:07:17','2022-10-15 03:07:17'),(135,139,2,5,15,'2022-08-15','10','81','0','Kurang','-2.38','Sangat Pendek','-3.13','Gizi Baik','-0.91','N','-','1','- ','- ','2022-10-15 03:07:17','2022-10-15 03:07:17'),(136,140,2,8,3,'2022-08-25','10','82.7','0','Kurang','-2.65','Sangat Pendek','-3.06','Gizi Baik','-1.32','N','-','1','- ','- ','2022-10-15 03:07:17','2022-10-15 03:07:17'),(137,142,2,11,19,'2022-08-30','11','87','0','Berat Badan Normal','-1.81','Pendek','-2.24','Gizi Baik','-0.72','O','-','1','- ','- ','2022-10-15 03:07:17','2022-10-15 03:07:17'),(138,143,2,10,29,'2022-08-25','10','85','15','Kurang','-2.92','Pendek','-2.84','Gizi Baik','-1.95','N','-','1','- ','- ','2022-10-15 03:07:17','2022-10-15 03:07:17'),(139,144,2,10,6,'2022-08-25','11.5','86','16','Berat Badan Normal','-1.67','Pendek','-2.65','Gizi Baik','-0.26','N','-','1','- ','- ','2022-10-15 03:07:17','2022-10-15 03:07:17'),(140,147,3,8,14,'2022-08-12','11.7','92.5','0','Kurang','-2.41','Pendek','-2.17','Gizi Baik','-1.8','O','-','1','- ','- ','2022-10-15 03:07:17','2022-10-15 03:07:17'),(141,148,3,3,28,'2022-08-12','10','89.5','0','Sangat Kurang','-3.04','Pendek','-2.06','Gizi Kurang','-2.64','N','-','1','- ','- ','2022-10-15 03:07:17','2022-10-15 03:07:17'),(142,149,2,9,2,'2022-08-29','10.1','85','0','Kurang','-2.26','Pendek','-2.17','Gizi Baik','-1.39','O','-','1','- ','- ','2022-10-15 03:07:17','2022-10-15 03:07:17'),(143,150,2,7,5,'2022-08-19','8','81','0','Sangat Kurang','-3.94','Sangat Pendek','-3.14','Gizi Kurang','-2.97','O','-','1','- ','- ','2022-10-15 03:07:17','2022-10-15 03:07:17'),(144,151,3,0,8,'2022-08-19','9.3','86.5','0','Sangat Kurang','-3.29','Pendek','-2.29','Gizi Kurang','-2.77','O','-','1','- ','- ','2022-10-15 03:07:17','2022-10-15 03:07:17'),(145,152,3,8,23,'2022-08-29','12','92','15','Kurang','-2.23','Pendek','-2.5','Gizi Baik','-1.2','N','-','1','- ','- ','2022-10-15 03:07:17','2022-10-15 03:07:17'),(146,153,3,1,10,'2022-08-29','11','88','0','Kurang','-2.33','Pendek','-2.38','Gizi Baik','-1.53','N','-','1','- ','- ','2022-10-15 03:07:17','2022-10-15 03:07:17'),(147,154,3,1,8,'2022-08-30','12','89','15','Berat Badan Normal','-1.6','Pendek','-2.29','Gizi Baik','-0.49','O','-','1','- ','- ','2022-10-15 03:07:17','2022-10-15 03:07:17'),(148,155,2,9,27,'2022-08-29','11','83','14','Berat Badan Normal','-1.63','Pendek','-2.85','Gizi Baik','0.1','N','-','1','- ','- ','2022-10-15 03:07:17','2022-10-15 03:07:17'),(149,157,2,9,5,'2022-08-31','11.3','87','16','Berat Badan Normal','-1.72','Pendek','-2.21','Gizi Baik','-0.74','N','-','1','- ','- ','2022-10-15 03:07:17','2022-10-15 03:07:17'),(150,158,2,1,17,'2022-08-06','8.1','71.6','0','Sangat Kurang','-3.19','Sangat Pendek','-4.89','Gizi Baik','-0.52','N','-','1','- ','- ','2022-10-15 03:07:17','2022-10-15 03:07:17'),(151,160,2,1,14,'2022-08-10','10','80','14','Berat Badan Normal','-1.35','Pendek','-2.12','Gizi Baik','-0.26','O','-','1','- ','- ','2022-10-15 03:07:17','2022-10-15 03:07:17'),(152,161,2,7,22,'2022-08-08','10','84','0','Kurang','-2.19','Pendek','-2.21','Gizi Baik','-1.25','N','-','1','- ','- ','2022-10-15 03:07:17','2022-10-15 03:07:17'),(153,162,2,10,21,'2022-08-18','12','82','0','Berat Badan Normal','-1','Sangat Pendek','-3.24','Risiko Gizi Lebih','1.29','N','-','1','- ','- ','2022-10-15 03:07:17','2022-10-15 03:07:17'),(154,163,2,9,3,'2022-08-10','15.4','85.5','0','Berat Badan Normal','0.88','Pendek','-2.42','Obesitas','3.14','N','-','1','- ','- ','2022-10-15 03:07:17','2022-10-15 03:07:17'),(155,164,2,3,3,'2022-08-06','9.3','81','14','Kurang','-2.21','Pendek','-2.18','Gizi Baik','-1.33','O','-','1','- ','- ','2022-10-15 03:07:17','2022-10-15 03:07:17'),(156,165,2,5,14,'2022-08-31','12.3','83','0','Berat Badan Normal','-0.6','Pendek','-2.53','Risiko Gizi Lebih','1.12','N','-','1','- ','- ','2022-10-15 03:07:17','2022-10-15 03:07:17'),(157,166,2,1,28,'2022-08-31','9.5','80','0','Kurang','-2.41','Pendek','-2.98','Gizi Baik','-1.16','N','-','1','- ','- ','2022-10-15 03:07:17','2022-10-15 03:07:17'),(158,167,2,2,11,'2022-08-08','9.9','81','0','Kurang','-2.11','Pendek','-2.76','Gizi Baik','-0.87','O','-','1','- ','- ','2022-10-15 03:07:17','2022-10-15 03:07:17'),(159,168,2,3,6,'2022-08-15','9.1','82.3','0','Kurang','-2.94','Pendek','-2.52','Gizi Kurang','-2.25','N','-','1','- ','- ','2022-10-15 03:07:17','2022-10-15 03:07:17'),(160,169,2,4,28,'2022-08-12','10','80.5','0','Kurang','-2.32','Sangat Pendek','-3.39','Gizi Baik','-0.64','N','-','1','- ','- ','2022-10-15 03:07:17','2022-10-15 03:07:17'),(161,170,3,5,17,'2022-08-03','11','90','0','Kurang','-2.39','Pendek','-2.34','Gizi Baik','-1.44','N','-','1','- ','- ','2022-10-15 03:07:17','2022-10-15 03:07:17'),(162,171,2,1,26,'2022-08-04','9','80','0','Kurang','-2.32','Pendek','-2.42','Gizi Baik','-1.31','N','-','1','- ','- ','2022-10-15 03:07:17','2022-10-15 03:07:17'),(163,172,2,0,22,'2022-08-09','9','79','0','Kurang','-2.15','Pendek','-2.47','Gizi Baik','-1.07','N','-','1','- ','- ','2022-10-15 03:07:17','2022-10-15 03:07:17'),(164,173,2,5,2,'2022-08-15','11','84.5','15','Berat Badan Normal','-1.52','Pendek','-2.01','Gizi Baik','-0.6','T','-','1','- ','- ','2022-10-15 03:07:17','2022-10-15 03:07:17'),(165,174,2,4,24,'2022-08-10','9','77.2','14','Kurang','-2.74','Sangat Pendek','-3.62','Gizi Baik','-0.83','O','-','1','- ','- ','2022-10-15 03:07:17','2022-10-15 03:07:17'),(166,175,2,2,6,'2022-08-10','10','82','14.3','Berat Badan Normal','-2','Pendek','-2.41','Gizi Baik','-0.98','O','-','1','- ','- ','2022-10-15 03:07:17','2022-10-15 03:07:17'),(167,176,2,4,21,'2022-08-16','10.7','84','13.7','Berat Badan Normal','-1.71','Pendek','-2.09','Gizi Baik','-0.81','T','-','1','- ','- ','2022-10-15 03:07:17','2022-10-15 03:07:17'),(168,177,2,3,17,'2022-08-12','9','80','0','Kurang','-2.56','Pendek','-2.57','Gizi Baik','-1.47','O','-','1','- ','- ','2022-10-15 03:07:17','2022-10-15 03:07:17'),(169,178,2,3,21,'2022-08-12','8.1','77','13.4','Sangat Kurang','-3.89','Sangat Pendek','-4.02','Gizi Kurang','-2.67','T','-','1','- ','- ','2022-10-15 03:07:17','2022-10-15 03:07:17'),(170,179,2,1,17,'2022-08-13','8','77','0','Sangat Kurang','-3.29','Sangat Pendek','-3.26','Gizi Baik','-2','N','-','1','- ','- ','2022-10-15 03:07:17','2022-10-15 03:07:17'),(171,180,2,2,21,'2022-08-08','9.5','80.2','13','Berat Badan Normal','-1.97','Pendek','-2.54','Gizi Baik','-0.73','N','-','1','- ','- ','2022-10-15 03:07:17','2022-10-15 03:07:17'),(172,181,2,3,20,'2022-08-20','10','79.5','13.4','Berat Badan Normal','-1.67','Pendek','-2.73','Gizi Baik','-0.14','T','-','1','- ','- ','2022-10-15 03:07:17','2022-10-15 03:07:17'),(173,182,2,2,16,'2022-08-30','8.5','79','0','Kurang','-2.92','Pendek','-2.86','Gizi Baik','-1.74','O','-','1','- ','- ','2022-10-15 03:07:17','2022-10-15 03:07:17'),(174,183,2,11,14,'2022-08-18','11','84','0','Kurang','-2.16','Sangat Pendek','-3.19','Gizi Baik','-0.47','N','-','1','- ','- ','2022-10-15 03:07:17','2022-10-15 03:07:17'),(175,184,2,11,5,'2022-08-18','12','88','0','Berat Badan Normal','-1.41','Pendek','-2.06','Gizi Baik','-0.42','N','-','1','- ','- ','2022-10-15 03:07:17','2022-10-15 03:07:17'),(176,185,2,6,8,'2022-08-15','9','84','0','Kurang','-2.93','Pendek','-2.15','Gizi Kurang','-2.32','N','-','1','- ','- ','2022-10-15 03:07:17','2022-10-15 03:07:17'),(177,186,2,5,10,'2022-08-06','10','81','0','Berat Badan Normal','-1.89','Pendek','-2.82','Gizi Baik','-0.33','N','-','1','- ','- ','2022-10-15 03:07:17','2022-10-15 03:07:17'),(178,187,2,2,19,'2022-08-06','10','81','0','Kurang','-2.05','Pendek','-2.59','Gizi Baik','-0.91','O','-','1','- ','- ','2022-10-15 03:07:17','2022-10-15 03:07:17'),(179,188,2,0,16,'2022-08-06','10','80.2','15','Berat Badan Normal','-1.22','Pendek','-2.06','Gizi Baik','-0.14','N','-','1','- ','- ','2022-10-15 03:07:17','2022-10-15 03:07:17'),(180,189,2,2,11,'2022-08-08','9','79','0','Kurang','-2.39','Pendek','-2.83','Gizi Baik','-1.07','N','-','1','- ','- ','2022-10-15 03:07:17','2022-10-15 03:07:17'),(181,190,2,1,2,'2022-08-08','14','77','0','Risiko Lebih','1.08','Sangat Pendek','-3.76','Obesitas','4.04','N','-','1','- ','- ','2022-10-15 03:07:17','2022-10-15 03:07:17'),(182,191,2,3,11,'2022-08-15','10','82','0','Kurang','-2.14','Pendek','-2.64','Gizi Baik','-0.98','N','-','1','- ','- ','2022-10-15 03:07:17','2022-10-15 03:07:17'),(183,192,2,2,14,'2022-08-18','9','80','0','Kurang','-2.41','Pendek','-2.34','Gizi Baik','-1.47','N','-','1','- ','- ','2022-10-15 03:07:17','2022-10-15 03:07:17'),(184,193,2,2,5,'2022-08-12','10','78','0','Berat Badan Normal','-1.99','Sangat Pendek','-3.44','Gizi Baik','-0.25','O','-','1','- ','- ','2022-10-15 03:07:17','2022-10-15 03:07:17'),(185,194,2,4,16,'2022-08-25','9','80','0','Sangat Kurang','-3.17','Sangat Pendek','-3.26','Gizi Baik','-2','N','-','1','- ','- ','2022-10-15 03:07:17','2022-10-15 03:07:17'),(186,195,2,7,13,'2022-08-26','10','84.5','0','Kurang','-2.59','Pendek','-2.44','Gizi Baik','-1.81','O','-','1','- ','- ','2022-10-15 03:07:17','2022-10-15 03:07:17'),(187,196,2,2,4,'2022-08-26','10','77','0','Berat Badan Normal','-1.45','Sangat Pendek','-3.17','Gizi Baik','0.4','O','-','1','- ','- ','2022-10-15 03:07:17','2022-10-15 03:07:17'),(188,197,2,1,16,'2022-08-10','8.5','78','0','Kurang','-2.77','Pendek','-2.74','Gizi Baik','-1.67','N','-','1','- ','- ','2022-10-15 03:07:17','2022-10-15 03:07:17'),(189,198,2,1,0,'2022-08-22','10','80','0','Berat Badan Normal','-1.29','Pendek','-2.01','Gizi Baik','-0.26','N','-','1','- ','- ','2022-10-15 03:07:17','2022-10-15 03:07:17'),(190,199,4,0,26,'2022-08-22','13','95','0','Berat Badan Normal','-1.88','Pendek','-2.08','Gizi Baik','-0.99','N','-','1','- ','- ','2022-10-15 03:07:17','2022-10-15 03:07:17'),(191,200,2,3,11,'2022-08-16','10.2','82','14','Berat Badan Normal','-1.97','Pendek','-2.43','Gizi Baik','-0.9','N','-','1','- ','- ','2022-10-15 03:07:17','2022-10-15 03:07:17'),(192,201,2,3,23,'2022-08-16','10.4','81','14','Berat Badan Normal','-1.85','Pendek','-2.81','Gizi Baik','-0.43','N','-','1','- ','- ','2022-10-15 03:07:17','2022-10-15 03:07:17'),(193,202,2,1,27,'2022-08-16','10.8','80','15','Berat Badan Normal','-0.77','Pendek','-2.21','Gizi Baik','0.6','N','-','1','- ','- ','2022-10-15 03:07:17','2022-10-15 03:07:17'),(194,203,2,4,29,'2022-08-31','9','83','0','Kurang','-2.76','Pendek','-2.18','Gizi Kurang','-2.05','N','-','1','- ','- ','2022-10-15 03:07:17','2022-10-15 03:07:17'),(195,204,2,0,14,'2022-08-15','9','77','0','Kurang','-2.11','Pendek','-2.81','Gizi Baik','-0.78','N','-','1','- ','- ','2022-10-15 03:07:17','2022-10-15 03:07:17'),(196,205,2,0,23,'2022-08-13','9.6','81.5','0','Kurang','-2.17','Pendek','-2.02','Gizi Baik','-1.54','N','-','1','- ','- ','2022-10-15 03:07:17','2022-10-15 03:07:17'),(197,206,3,11,8,'2022-08-09','12','89','0','Kurang','-2.41','Sangat Pendek','-3.34','Gizi Baik','-0.66','N','-','1','- ','- ','2022-10-15 03:07:17','2022-10-15 03:07:17'),(198,207,2,11,15,'2022-08-10','11.5','87.1','0','Berat Badan Normal','-1.79','Pendek','-2.54','Gizi Baik','-0.55','N','-','1','- ','- ','2022-10-15 03:07:17','2022-10-15 03:07:17'),(199,208,2,4,8,'2022-08-02','9','79','0','Kurang','-2.66','Pendek','-3','Gizi Baik','-1.24','N','-','1','- ','- ','2022-10-15 03:07:17','2022-10-15 03:07:17'),(200,209,2,0,15,'2022-08-10','10.7','82','0','Berat Badan Normal','-1.18','Pendek','-2.03','Gizi Baik','-0.15','O','-','1','- ','- ','2022-10-15 03:07:17','2022-10-15 03:07:17'),(201,210,2,4,27,'2022-08-10','11.2','82.1','0','Berat Badan Normal','-0.88','Pendek','-2.22','Gizi Baik','0.51','O','-','1','- ','- ','2022-10-15 03:07:17','2022-10-15 03:07:17'),(202,211,2,1,30,'2022-08-22','12','82','15','Berat Badan Normal','-0.38','Pendek','-2.36','Risiko Gizi Lebih','1.22','O','-','1','- ','- ','2022-10-15 03:07:17','2022-10-15 03:07:17'),(203,212,2,5,2,'2022-08-22','9.3','79','15','Kurang','-2.48','Sangat Pendek','-3.14','Gizi Baik','-0.86','O','-','1','- ','- ','2022-10-15 03:07:17','2022-10-15 03:07:17'),(204,213,1,11,14,'2022-08-06','10','78.7','14','Berat Badan Normal','-1.64','Pendek','-2.87','Gizi Baik','-0.25','O','-','1','- ','- ','2022-10-15 03:07:17','2022-10-15 03:07:17'),(205,215,1,8,11,'2022-08-27','10','78.5','14.5','Berat Badan Normal','-1.18','Pendek','-2.13','Gizi Baik','-0.21','T','-','1','- ','- ','2022-10-15 03:07:17','2022-10-15 03:07:17'),(206,216,1,10,11,'2022-08-06','8.2','77.7','0','Sangat Kurang','-3.22','Pendek','-2.94','Gizi Kurang','-2.51','N','-','1','- ','- ','2022-10-15 03:07:17','2022-10-15 03:07:17'),(207,218,1,8,23,'2022-08-04','8.8','75','14','Kurang','-2.38','Sangat Pendek','-3.22','Gizi Baik','-1.12','N','-','1','- ','- ','2022-10-15 03:07:17','2022-10-15 03:07:17'),(208,219,1,11,23,'2022-08-09','9.1','79','0','Kurang','-2.51','Pendek','-2.84','Gizi Baik','-1.48','N','-','1','- ','- ','2022-10-15 03:07:17','2022-10-15 03:07:17'),(209,220,1,6,9,'2022-08-10','8','75.6','13','Kurang','-2.85','Pendek','-2.56','Gizi Kurang','-2.3','N','-','1','- ','- ','2022-10-15 03:07:17','2022-10-15 03:07:17'),(210,221,1,10,12,'2022-08-04','9.4','75','13','Kurang','-2.03','Sangat Pendek','-3.86','Gizi Baik','-0.13','O','-','1','- ','- ','2022-10-15 03:07:17','2022-10-15 03:07:17'),(211,222,1,9,19,'2022-08-23','11','78','0','Berat Badan Normal','-0.53','Pendek','-2.65','Risiko Gizi Lebih','1.03','N','-','1','- ','- ','2022-10-15 03:07:17','2022-10-15 03:07:17'),(212,223,2,0,20,'2022-08-30','8.5','74','14','Kurang','-2.64','Sangat Pendek','-3.99','Gizi Baik','-0.59','N','-','1','- ','- ','2022-10-15 03:07:17','2022-10-15 03:07:17'),(213,224,2,1,17,'2022-08-30','10.5','81','0','Berat Badan Normal','-1.49','Pendek','-2.36','Gizi Baik','-0.31','O','-','1','- ','- ','2022-10-15 03:07:17','2022-10-15 03:07:17'),(214,226,1,10,19,'2022-08-15','9.8','77.1','0','Berat Badan Normal','-1.7','Pendek','-2.97','Gizi Baik','-0.3','N','-','1','- ','- ','2022-10-15 03:07:17','2022-10-15 03:07:17'),(215,227,1,7,0,'2022-08-15','11','76.5','46','Berat Badan Normal','-0.12','Pendek','-2.45','Risiko Gizi Lebih','1.36','N','-','1','- ','- ','2022-10-15 03:07:17','2022-10-15 03:07:17'),(216,228,2,2,0,'2022-08-15','8.2','78','13','Sangat Kurang','-3.15','Sangat Pendek','-3.05','Gizi Baik','-1.94','O','-','1','- ','- ','2022-10-15 03:07:17','2022-10-15 03:07:17'),(217,229,1,8,8,'2022-08-18','8.3','75','14','Kurang','-2.83','Sangat Pendek','-3.34','Gizi Baik','-1.67','O','-','1','- ','- ','2022-10-15 03:07:17','2022-10-15 03:07:17'),(218,230,1,9,4,'2022-08-16','8','76.3','0','Sangat Kurang','-3.26','Sangat Pendek','-3.11','Gizi Kurang','-2.48','N','-','1','- ','- ','2022-10-15 03:07:17','2022-10-15 03:07:17'),(219,231,1,8,20,'2022-08-26','8.5','75','0','Berat Badan Normal','-2','Pendek','-2.51','Gizi Baik','-0.99','N','-','1','- ','- ','2022-10-15 03:07:17','2022-10-15 03:07:17'),(220,232,1,7,10,'2022-08-31','8.8','76','0','Berat Badan Normal','-1.48','Pendek','-2.04','Gizi Baik','-0.66','N','-','1','- ','- ','2022-10-15 03:07:17','2022-10-15 03:07:17'),(221,233,2,3,23,'2022-08-31','10','80','0','Kurang','-2.19','Sangat Pendek','-3.33','Gizi Baik','-0.53','N','-','1','- ','- ','2022-10-15 03:07:17','2022-10-15 03:07:17'),(222,234,2,3,9,'2022-08-31','11.7','82.5','0','Berat Badan Normal','-0.77','Pendek','-2.48','Gizi Baik','0.81','N','-','1','- ','- ','2022-10-15 03:07:17','2022-10-15 03:07:17'),(223,235,2,0,18,'2022-08-31','8.65','79.4','0','Sangat Kurang','-3.06','Pendek','-2.89','Gizi Kurang','-2.21','N','-','1','- ','- ','2022-10-15 03:07:17','2022-10-15 03:07:17'),(224,236,2,1,12,'2022-08-31','8.55','82.3','0','Sangat Kurang','-3.24','Pendek','-2.14','Gizi Buruk','-3.06','N','-','1','- ','- ','2022-10-15 03:07:17','2022-10-15 03:07:17'),(225,237,1,7,19,'2022-08-12','8.7','75.5','0','Kurang','-2.31','Pendek','-2.74','Gizi Baik','-1.39','N','-','1','- ','- ','2022-10-15 03:07:17','2022-10-15 03:07:17'),(226,238,1,9,11,'2022-08-08','10','77','0','Berat Badan Normal','-1.34','Pendek','-2.93','Gizi Baik','0.13','N','-','1','- ','- ','2022-10-15 03:07:17','2022-10-15 03:07:17'),(227,239,1,8,3,'2022-08-03','10','76','0','Berat Badan Normal','-1.14','Pendek','-2.94','Gizi Baik','0.36','N','-','1','- ','- ','2022-10-15 03:07:17','2022-10-15 03:07:17'),(228,240,1,10,2,'2022-08-04','7.5','73.4','0','Sangat Kurang','-3.31','Sangat Pendek','-3.61','Gizi Baik','-1.89','N','-','1','- ','- ','2022-10-15 03:07:17','2022-10-15 03:07:17'),(229,241,1,10,24,'2022-08-06','10.5','80','0','Berat Badan Normal','-1.11','Pendek','-2.27','Gizi Baik','0.06','N','-','1','- ','- ','2022-10-15 03:07:17','2022-10-15 03:07:17'),(230,242,2,6,21,'2022-08-16','10.1','86','0','Kurang','-2.43','Pendek','-2.08','Gizi Baik','-1.9','O','-','1','- ','- ','2022-10-15 03:07:17','2022-10-15 03:07:17'),(231,243,1,7,19,'2022-08-16','9.01','76.1','0','Berat Badan Normal','-2','Pendek','-2.53','Gizi Baik','-1.1','N','-','1','- ','- ','2022-10-15 03:07:17','2022-10-15 03:07:17'),(232,244,2,0,9,'2022-08-13','9.9','77','15','Berat Badan Normal','-1.27','Pendek','-2.77','Gizi Baik','0.29','N','-','1','- ','- ','2022-10-15 03:07:17','2022-10-15 03:07:17'),(233,245,2,2,20,'2022-08-10','10','81','0','Kurang','-2.05','Pendek','-2.82','Gizi Baik','-0.75','N','-','1','- ','- ','2022-10-15 03:07:17','2022-10-15 03:07:17'),(234,246,1,11,4,'2022-08-06','11','78.3','14','Berat Badan Normal','-0.22','Pendek','-2.31','Risiko Gizi Lebih','1.31','O','-','1','- ','- ','2022-10-15 03:07:17','2022-10-15 03:07:17'),(235,247,1,7,26,'2022-08-10','7.2','72','0','Sangat Kurang','-3.3','Sangat Pendek','-3.52','Gizi Baik','-1.99','O','-','1','- ','- ','2022-10-15 03:07:17','2022-10-15 03:07:17'),(236,248,1,7,4,'2022-08-15','10','75','0','Berat Badan Normal','-0.99','Sangat Pendek','-3.04','Gizi Baik','0.61','N','-','1','- ','- ','2022-10-15 03:07:17','2022-10-15 03:07:17'),(237,249,1,8,17,'2022-08-22','9.4','77','14','Berat Badan Normal','-1.76','Pendek','-2.72','Gizi Baik','-0.62','N','-','1','- ','- ','2022-10-15 03:07:17','2022-10-15 03:07:17'),(238,250,1,7,12,'2022-08-29','9','75','0','Berat Badan Normal','-1.3','Pendek','-2.16','Gizi Baik','-0.34','O','-','1','- ','- ','2022-10-15 03:07:17','2022-10-15 03:07:17'),(239,251,1,7,20,'2022-08-16','9.5','74','15','Berat Badan Normal','-0.89','Pendek','-2.8','Gizi Baik','0.64','N','-','1','- ','- ','2022-10-15 03:07:17','2022-10-15 03:07:17'),(240,252,1,10,30,'2022-08-08','9.4','78.8','19','Kurang','-2.11','Pendek','-2.72','Gizi Baik','-1.03','T','-','1','- ','- ','2022-10-15 03:07:17','2022-10-15 03:07:17'),(241,253,1,8,3,'2022-08-20','9.3','76','15','Berat Badan Normal','-1.79','Pendek','-2.94','Gizi Baik','-0.51','N','-','1','- ','- ','2022-10-15 03:07:17','2022-10-15 03:07:17'),(242,254,1,9,8,'2022-08-20','11.9','77','16','Berat Badan Normal','0.22','Pendek','-2.91','Gizi Lebih','2.15','N','-','1','- ','- ','2022-10-15 03:07:17','2022-10-15 03:07:17'),(243,255,1,5,21,'2022-08-06','8.9','75.9','0','Berat Badan Normal','-1.8','Pendek','-2.26','Gizi Baik','-1.03','T','-','1','- ','- ','2022-10-15 03:07:17','2022-10-15 03:07:17'),(244,256,1,5,23,'2022-08-06','9','76.4','0','Berat Badan Normal','-1.71','Pendek','-2.1','Gizi Baik','-1.02','T','-','1','- ','- ','2022-10-15 03:07:17','2022-10-15 03:07:17'),(245,257,1,6,8,'2022-08-10','11.7','75.2','0','Berat Badan Normal','0.56','Pendek','-2.7','Gizi Lebih','2.37','O','-','1','- ','- ','2022-10-15 03:07:17','2022-10-15 03:07:17'),(246,258,1,10,13,'2022-08-16','11','75','0','Berat Badan Normal','-0.65','Sangat Pendek','-3.86','Risiko Gizi Lebih','1.72','N','-','1','- ','- ','2022-10-15 03:07:17','2022-10-15 03:07:17'),(247,259,1,8,2,'2022-08-13','9','78','0','Kurang','-2.08','Pendek','-2.22','Gizi Baik','-1.39','N','-','1','- ','- ','2022-10-15 03:07:17','2022-10-15 03:07:17'),(248,260,1,6,14,'2022-08-18','8','72.4','0','Kurang','-2.15','Pendek','-3','Gizi Baik','-0.87','O','-','1','- ','- ','2022-10-15 03:07:17','2022-10-15 03:07:17'),(249,261,1,6,20,'2022-08-16','10','76.6','0','Berat Badan Normal','-0.91','Pendek','-2.31','Gizi Baik','0.22','N','-','1','- ','- ','2022-10-15 03:07:17','2022-10-15 03:07:17'),(250,262,1,5,19,'2022-08-20','8.7','73','14','Berat Badan Normal','-2','Sangat Pendek','-3.33','Gizi Baik','-0.53','N','-','1','- ','- ','2022-10-15 03:07:17','2022-10-15 03:07:17'),(251,263,1,6,9,'2022-08-08','9.3','73','0','Berat Badan Normal','-1.51','Sangat Pendek','-3.52','Gizi Baik','0.28','O','-','1','- ','- ','2022-10-15 03:07:17','2022-10-15 03:07:17'),(252,264,1,8,16,'2022-08-09','9.6','78','0','Berat Badan Normal','-1.57','Pendek','-2.35','Gizi Baik','-0.59','N','-','1','- ','- ','2022-10-15 03:07:17','2022-10-15 03:07:17'),(253,265,4,6,6,'2022-08-26','14','97.9','0','Berat Badan Normal','-1.67','Pendek','-2.01','Gizi Baik','-0.68','O','-','1','- ','- ','2022-10-15 03:07:17','2022-10-15 03:07:17'),(254,266,2,0,7,'2022-08-18','8.1','77.2','0','Sangat Kurang','-3.54','Sangat Pendek','-3.3','Gizi Kurang','-2.71','N','-','1','- ','- ','2022-10-15 03:07:17','2022-10-15 03:07:17'),(255,267,1,5,27,'2022-08-31','8.7','75','0','Kurang','-2.04','Pendek','-2.66','Gizi Baik','-1.08','N','-','1','- ','- ','2022-10-15 03:07:17','2022-10-15 03:07:17'),(256,268,1,4,20,'2022-08-10','10','74.9','0','Berat Badan Normal','-0.58','Pendek','-2.29','Gizi Baik','0.63','N','-','1','- ','- ','2022-10-15 03:07:17','2022-10-15 03:07:17'),(257,270,1,5,29,'2022-08-06','8.8','75.4','14.3','Berat Badan Normal','-1.95','Pendek','-2.53','Gizi Baik','-1.04','N','-','1','- ','- ','2022-10-15 03:07:17','2022-10-15 03:07:17'),(258,271,1,3,20,'2022-08-22','10','74','14','Berat Badan Normal','-0.4','Pendek','-2.28','Gizi Baik','0.87','O','-','1','- ','- ','2022-10-15 03:07:17','2022-10-15 03:07:17'),(259,272,1,6,7,'2022-08-22','7.4','73.2','12','Sangat Kurang','-3.49','Sangat Pendek','-3.43','Gizi Kurang','-2.63','N','-','1','- ','- ','2022-10-15 03:07:17','2022-10-15 03:07:17'),(260,273,1,6,22,'2022-08-15','9','76.9','14','Berat Badan Normal','-1.87','Pendek','-2.22','Gizi Baik','-1.14','T','-','1','- ','- ','2022-10-15 03:07:17','2022-10-15 03:07:17'),(261,274,1,5,19,'2022-08-20','8','73','14','Berat Badan Normal','-2','Pendek','-2.55','Gizi Baik','-1.03','T','-','1','- ','- ','2022-10-15 03:07:17','2022-10-15 03:07:17'),(262,275,1,8,17,'2022-08-18','9','79','12.4','Kurang','-2.15','Pendek','-2.01','Gizi Baik','-1.62','N','-','1','- ','- ','2022-10-15 03:07:17','2022-10-15 03:07:17'),(263,276,1,5,19,'2022-08-20','8','74','13','Berat Badan Normal','-2','Pendek','-2.2','Gizi Baik','-1.28','O','-','1','- ','- ','2022-10-15 03:07:17','2022-10-15 03:07:17'),(264,277,1,3,21,'2022-08-10','7.9','72.3','0','Berat Badan Normal','-1.76','Pendek','-2.15','Gizi Baik','-0.99','N','-','1','- ','- ','2022-10-15 03:07:17','2022-10-15 03:07:17'),(265,278,1,4,3,'2022-08-08','8.9','73.5','13','Berat Badan Normal','-1.53','Pendek','-2.63','Gizi Baik','-0.39','N','-','1','- ','- ','2022-10-15 03:07:17','2022-10-15 03:07:17'),(266,279,1,1,10,'2022-08-06','8.3','71.3','0','Berat Badan Normal','-1.65','Pendek','-2.46','Gizi Baik','-0.6','T','-','1','- ','- ','2022-10-15 03:07:17','2022-10-15 03:07:17'),(267,280,1,4,15,'2022-08-11','8','73.4','14','Berat Badan Normal','-1.79','Pendek','-2.03','Gizi Baik','-1.13','O','-','1','- ','- ','2022-10-15 03:07:17','2022-10-15 03:07:17'),(268,281,1,2,7,'2022-08-06','8.9','73','0','Berat Badan Normal','-1.19','Pendek','-2.14','Gizi Baik','-0.25','O','-','1','- ','- ','2022-10-15 03:07:17','2022-10-15 03:07:17'),(269,282,1,2,9,'2022-08-12','8.6','69.2','0','Berat Badan Normal','-1.52','Sangat Pendek','-3.69','Gizi Baik','0.51','T','-','1','- ','- ','2022-10-15 03:07:17','2022-10-15 03:07:17'),(270,283,1,5,4,'2022-08-06','6.1','66.3','10','Sangat Kurang','-4.76','Sangat Pendek','-5.7','Gizi Kurang','-2.74','O','-','1','- ','- ','2022-10-15 03:07:17','2022-10-15 03:07:17'),(271,284,1,3,12,'2022-08-06','9.8','72','16','Berat Badan Normal','-0.54','Pendek','-2.97','Risiko Gizi Lebih','1.19','O','-','1','- ','- ','2022-10-15 03:07:17','2022-10-15 03:07:17'),(272,285,1,2,13,'2022-08-29','8','70','14','Kurang','-2.19','Sangat Pendek','-3.42','Gizi Baik','-0.63','N','-','1','- ','- ','2022-10-15 03:07:17','2022-10-15 03:07:17'),(273,286,1,1,21,'2022-08-08','7.8','70.6','12','Kurang','-2.28','Pendek','-2.89','Gizi Baik','-1.15','N','-','1','- ','- ','2022-10-15 03:07:17','2022-10-15 03:07:17'),(274,287,1,4,15,'2022-08-08','8','74','0','Kurang','-2.56','Pendek','-2.58','Gizi Baik','-1.86','N','-','1','- ','- ','2022-10-15 03:07:17','2022-10-15 03:07:17'),(275,288,1,4,20,'2022-08-13','8.6','73.7','16','Berat Badan Normal','-1.93','Pendek','-2.75','Gizi Baik','-0.87','T','-','1','- ','- ','2022-10-15 03:07:17','2022-10-15 03:07:17'),(276,289,1,1,13,'2022-08-16','8','71.1','0','Berat Badan Normal','-2','Pendek','-2.58','Gizi Baik','-0.99','N','-','1','- ','- ','2022-10-15 03:07:17','2022-10-15 03:07:17'),(277,290,1,4,20,'2022-08-19','9','74.3','15','Berat Badan Normal','-1.53','Pendek','-2.52','Gizi Baik','-0.48','N','-','1','- ','- ','2022-10-15 03:07:17','2022-10-15 03:07:17'),(278,291,1,8,3,'2022-08-08','8.5','77.5','13','Kurang','-2.59','Pendek','-2.41','Gizi Baik','-2','O','-','1','- ','- ','2022-10-15 03:07:17','2022-10-15 03:07:17'),(279,292,3,11,16,'2022-08-16','14.15','90.5','15.5','Berat Badan Normal','-0.9','Pendek','-2.79','Risiko Gizi Lebih','1.13','N','-','1','- ','- ','2022-10-15 03:07:17','2022-10-15 03:07:17'),(280,293,1,3,5,'2022-08-10','7.9','74','0','Kurang','-2.44','Pendek','-2.1','Gizi Kurang','-2.02','O','-','1','- ','- ','2022-10-15 03:07:17','2022-10-15 03:07:17'),(281,294,1,1,22,'2022-08-10','7.1','68.6','0','Kurang','-2.29','Pendek','-2.8','Gizi Baik','-1.16','O','-','1','- ','- ','2022-10-15 03:07:17','2022-10-15 03:07:17'),(282,295,1,3,11,'2022-08-16','10.1','73.2','0','Berat Badan Normal','-0.26','Pendek','-2.49','Risiko Gizi Lebih','1.2','O','-','1','- ','- ','2022-10-15 03:07:17','2022-10-15 03:07:17'),(283,296,1,2,0,'2022-08-16','7.6','72','0','Kurang','-2.57','Pendek','-2.45','Gizi Baik','-1.92','N','-','1','- ','- ','2022-10-15 03:07:17','2022-10-15 03:07:17'),(284,297,0,10,6,'2022-08-12','6.5','66','0','Sangat Kurang','-3.15','Sangat Pendek','-3.29','Gizi Baik','-1.79','O','-','1','- ','- ','2022-10-15 03:07:17','2022-10-15 03:07:17'),(285,298,1,7,28,'2022-08-12','9.5','78.5','0','Berat Badan Normal','-1.57','Pendek','-2.01','Gizi Baik','-0.83','N','-','1','- ','- ','2022-10-15 03:07:17','2022-10-15 03:07:17'),(286,299,1,5,4,'2022-08-12','9','76','0','Berat Badan Normal','-1.61','Pendek','-2.04','Gizi Baik','-0.92','N','-','1','- ','- ','2022-10-15 03:07:17','2022-10-15 03:07:17'),(287,300,1,2,1,'2022-08-20','9','71','15','Berat Badan Normal','-0.36','Pendek','-2.03','Gizi Baik','0.79','N','-','1','- ','- ','2022-10-15 03:07:17','2022-10-15 03:07:17'),(288,301,1,5,6,'2022-08-09','7','72','0','Sangat Kurang','-3.79','Sangat Pendek','-3.57','Gizi Kurang','-2.99','N','-','1','- ','- ','2022-10-15 03:07:17','2022-10-15 03:07:17'),(289,302,1,11,26,'2022-08-09','9','80','0','Kurang','-2.62','Pendek','-2.53','Gizi Baik','-1.84','N','-','1','- ','- ','2022-10-15 03:07:17','2022-10-15 03:07:17'),(290,303,1,0,9,'2022-08-04','8','69','0','Berat Badan Normal','-0.99','Pendek','-2.08','Gizi Baik','0.06','N','-','1','- ','- ','2022-10-15 03:07:17','2022-10-15 03:07:17'),(291,304,1,8,24,'2022-08-10','9','76.5','0','Kurang','-2.18','Pendek','-2.95','Gizi Baik','-1.04','N','-','1','- ','- ','2022-10-15 03:07:17','2022-10-15 03:07:17'),(292,305,1,1,29,'2022-08-12','8','73','0','Kurang','-2.1','Pendek','-2.02','Gizi Baik','-1.58','N','-','1','- ','- ','2022-10-15 03:07:17','2022-10-15 03:07:17'),(293,306,1,4,5,'2022-08-13','8','74','0','Kurang','-2.5','Pendek','-2.46','Gizi Baik','-1.86','N','-','1','- ','- ','2022-10-15 03:07:17','2022-10-15 03:07:17'),(294,307,2,9,26,'2022-08-26','11.4','82.6','14','Berat Badan Normal','-1.33','Pendek','-2.95','Gizi Baik','0.59','N','-','1','- ','- ','2022-10-15 03:07:17','2022-10-15 03:07:17'),(295,308,1,4,10,'2022-08-15','9','75','0','Berat Badan Normal','-1.47','Pendek','-2.13','Gizi Baik','-0.66','N','-','1','- ','- ','2022-10-15 03:07:17','2022-10-15 03:07:17'),(296,309,1,7,6,'2022-08-16','9','76','0','Berat Badan Normal','-1.94','Pendek','-2.69','Gizi Baik','-0.92','N','-','1','- ','- ','2022-10-15 03:07:17','2022-10-15 03:07:17'),(297,310,1,0,21,'2022-08-16','7','70','0','Sangat Kurang','-3.05','Pendek','-2.73','Gizi Kurang','-2.32','N','-','1','- ','- ','2022-10-15 03:07:17','2022-10-15 03:07:17'),(298,311,1,6,25,'2022-08-16','9','76','0','Berat Badan Normal','-1.88','Pendek','-2.58','Gizi Baik','-0.92','N','-','1','- ','- ','2022-10-15 03:07:17','2022-10-15 03:07:17'),(299,312,3,0,27,'2022-08-30','10','86.1','0','Sangat Kurang','-3.09','Pendek','-2.82','Gizi Kurang','-2.26','O','-','1','- ','- ','2022-10-15 03:07:17','2022-10-15 03:07:17'),(300,313,1,6,13,'2022-08-22','9','74','0','Berat Badan Normal','-1.13','Pendek','-2.44','Gizi Baik','0.05','N','-','1','- ','- ','2022-10-15 03:07:17','2022-10-15 03:07:17'),(301,314,1,6,17,'2022-08-22','8','75','0','Kurang','-2.89','Pendek','-2.86','Gizi Kurang','-2.14','N','-','1','- ','- ','2022-10-15 03:07:17','2022-10-15 03:07:17'),(302,315,1,5,3,'2022-08-22','8','71','0','Berat Badan Normal','-1.91','Sangat Pendek','-3.08','Gizi Baik','-0.5','N','-','1','- ','- ','2022-10-15 03:07:17','2022-10-15 03:07:17'),(303,316,2,3,29,'2022-08-20','14','80','0','Risiko Lebih','1.02','Pendek','-2.64','Obesitas','3.33','N','-','1','- ','- ','2022-10-15 03:07:17','2022-10-15 03:07:17'),(304,317,1,4,15,'2022-08-20','8.3','73','0','Kurang','-2.23','Pendek','-2.96','Gizi Baik','-1.11','N','-','1','- ','- ','2022-10-15 03:07:17','2022-10-15 03:07:17'),(305,318,1,3,11,'2022-08-20','7.6','72.5','13','Kurang','-2.82','Pendek','-2.76','Gizi Kurang','-2.08','O','-','1','- ','- ','2022-10-15 03:07:17','2022-10-15 03:07:17'),(306,319,0,10,5,'2022-08-12','7.6','64.5','14','Berat Badan Normal','-0.95','Pendek','-2.92','Gizi Baik','0.94','T','-','1','- ','- ','2022-10-15 03:07:17','2022-10-15 03:07:17'),(307,320,0,10,20,'2022-08-07','7.2','68.8','0','Kurang','-2.36','Pendek','-2.31','Gizi Baik','-1.54','O','-','1','- ','- ','2022-10-15 03:07:17','2022-10-15 03:07:17'),(308,321,0,6,5,'2022-08-04','5.5','61.2','10','Sangat Kurang','-3.33','Sangat Pendek','-3.13','Gizi Baik','-1.71','T','-','1','- ','- ','2022-10-15 03:07:17','2022-10-15 03:07:17'),(309,322,1,2,12,'2022-08-13','6.6','71','0','Sangat Kurang','-3.07','Pendek','-2.17','Gizi Kurang','-2.74','N','-','1','- ','- ','2022-10-15 03:07:17','2022-10-15 03:07:17'),(310,323,0,9,16,'2022-08-08','6','63.6','13','Kurang','-2.79','Pendek','-2.97','Gizi Baik','-1.33','O','-','1','- ','- ','2022-10-15 03:07:17','2022-10-15 03:07:17'),(311,325,1,3,5,'2022-08-26','9.2','74','15','Berat Badan Normal','-1.07','Pendek','-2.1','Gizi Baik','-0.13','N','-','1','- ','- ','2022-10-15 03:07:17','2022-10-15 03:07:17'),(312,326,0,7,14,'2022-08-08','6','61','14','Kurang','-2.18','Pendek','-3','Gizi Baik','-0.23','T','-','1','- ','- ','2022-10-15 03:07:17','2022-10-15 03:07:17'),(313,327,0,7,14,'2022-08-08','6.2','61','14','Berat Badan Normal','-1.91','Pendek','-3','Gizi Baik','0.13','O','-','1','- ','- ','2022-10-15 03:07:17','2022-10-15 03:07:17'),(314,328,1,1,2,'2022-08-12','7.9','70','16','Kurang','-2.04','Pendek','-2.88','Gizi Baik','-0.79','O','-','1','- ','- ','2022-10-15 03:07:17','2022-10-15 03:07:17'),(315,329,0,11,30,'2022-08-15','6.8','67','15','Kurang','-2.3','Pendek','-2.72','Gizi Baik','-1.14','N','-','1','- ','- ','2022-10-15 03:07:17','2022-10-15 03:07:17'),(316,330,0,8,14,'2022-08-15','7','64','14','Kurang','-2.03','Sangat Pendek','-3.26','Gizi Baik','-0.04','N','-','1','- ','- ','2022-10-15 03:07:17','2022-10-15 03:07:17'),(317,332,1,0,16,'2022-08-30','7.6','71','0','Kurang','-2.28','Pendek','-2.25','Gizi Baik','-1.6','O','-','1','- ','- ','2022-10-15 03:07:17','2022-10-15 03:07:17'),(318,333,4,8,1,'2022-08-06','12','98','0','Kurang','-3','Pendek','-2.34','Gizi Kurang','-2.53','N','-','1','- ','- ','2022-10-15 03:07:17','2022-10-15 03:07:17'),(319,334,3,4,25,'2022-08-08','12','90','0','Berat Badan Normal','-1.91','Pendek','-2.51','Gizi Baik','-0.73','N','-','1','- ','- ','2022-10-15 03:07:17','2022-10-15 03:07:17'),(320,335,1,6,14,'2022-08-09','10','77','0','Berat Badan Normal','-0.88','Pendek','-2.1','Gizi Baik','0.13','N','-','1','- ','- ','2022-10-15 03:07:17','2022-10-15 03:07:17'),(321,336,0,8,27,'2022-08-18','9','67','0','Berat Badan Normal','0.13','Pendek','-2.16','Risiko Gizi Lebih','1.79','N','-','1','- ','- ','2022-10-15 03:07:17','2022-10-15 03:07:17'),(322,337,1,6,29,'2022-08-12','9','73','0','Berat Badan Normal','-1.22','Pendek','-2.93','Gizi Baik','0.29','N','-','1','- ','- ','2022-10-15 03:07:17','2022-10-15 03:07:17'),(323,338,3,10,13,'2022-08-12','13','93','0','Berat Badan Normal','-1.7','Pendek','-2.45','Gizi Baik','-0.4','N','-','1','- ','- ','2022-10-15 03:07:17','2022-10-15 03:07:17'),(324,339,0,7,4,'2022-08-18','6','62.8','14','Kurang','-2.07','Pendek','-2.04','Gizi Baik','-1.01','O','-','1','- ','- ','2022-10-15 03:07:17','2022-10-15 03:07:17'),(325,340,0,8,3,'2022-08-13','6','63','0','Kurang','-2.39','Pendek','-2.49','Gizi Baik','-1.09','N','-','1','- ','- ','2022-10-15 03:07:17','2022-10-15 03:07:17'),(326,341,1,5,27,'2022-08-13','9','72','0','Berat Badan Normal','-1.74','Sangat Pendek','-3.78','Gizi Baik','0.18','N','-','1','- ','- ','2022-10-15 03:07:17','2022-10-15 03:07:17'),(327,342,0,9,10,'2022-08-06','6.4','63.5','0','Kurang','-2.19','Pendek','-2.92','Gizi Baik','-0.56','O','-','1','- ','- ','2022-10-15 03:07:17','2022-10-15 03:07:17'),(328,343,1,6,27,'2022-08-06','9','77','0','Berat Badan Normal','-1.89','Pendek','-2.23','Gizi Baik','-1.16','N','-','1','- ','- ','2022-10-15 03:07:17','2022-10-15 03:07:17'),(329,344,1,0,25,'2022-08-16','7.1','71.1','0','Kurang','-2.95','Pendek','-2.33','Gizi Kurang','-2.51','O','-','1','- ','- ','2022-10-15 03:07:17','2022-10-15 03:07:17'),(330,345,1,0,18,'2022-08-22','6.6','67.3','0','Kurang','-2.69','Pendek','-2.86','Gizi Baik','-1.58','N','-','1','- ','- ','2022-10-15 03:07:17','2022-10-15 03:07:17'),(331,346,0,11,10,'2022-08-03','7','68','0','Berat Badan Normal','-1.91','Pendek','-2.04','Gizi Baik','-1.13','N','-','1','- ','- ','2022-10-15 03:07:17','2022-10-15 03:07:17'),(332,347,0,10,9,'2022-08-03','6','65','0','Kurang','-2.99','Pendek','-2.77','Gizi Baik','-1.88','N','-','1','- ','- ','2022-10-15 03:07:17','2022-10-15 03:07:17'),(333,348,0,9,8,'2022-08-10','5.5','65','0','Sangat Kurang','-3.43','Pendek','-2.27','Gizi Kurang','-2.91','N','-','1','- ','- ','2022-10-15 03:07:17','2022-10-15 03:07:17'),(334,349,1,2,26,'2022-08-19','7','71.5','0','Sangat Kurang','-3.43','Pendek','-2.98','Gizi Kurang','-2.83','O','-','1','- ','- ','2022-10-15 03:07:17','2022-10-15 03:07:17'),(335,350,0,10,28,'2022-08-15','6','64','0','Sangat Kurang','-3.14','Sangat Pendek','-3.45','Gizi Baik','-1.49','N','-','1','- ','- ','2022-10-15 03:07:17','2022-10-15 03:07:17'),(336,351,0,7,23,'2022-08-15','7','64','0','Berat Badan Normal','-1.82','Pendek','-2.87','Gizi Baik','-0.04','N','-','1','- ','- ','2022-10-15 03:07:17','2022-10-15 03:07:17'),(337,352,0,7,5,'2022-08-25','7','65','14','Berat Badan Normal','-1.62','Pendek','-2.04','Gizi Baik','-0.46','T','-','1','- ','- ','2022-10-15 03:07:17','2022-10-15 03:07:17'),(338,353,1,6,7,'2022-08-04','9.5','75','0','Berat Badan Normal','-0.65','Pendek','-2.04','Gizi Baik','0.42','N','-','1','- ','- ','2022-10-15 03:07:17','2022-10-15 03:07:17'),(339,354,0,11,18,'2022-08-16','6','63','0','Sangat Kurang','-4.07','Sangat Pendek','-5.2','Gizi Baik','-1.51','N','-','1','- ','- ','2022-10-15 03:07:17','2022-10-15 03:07:17'),(340,355,0,8,16,'2022-08-16','7','65','0','Kurang','-2.05','Pendek','-2.85','Gizi Baik','-0.46','N','-','1','- ','- ','2022-10-15 03:07:17','2022-10-15 03:07:17'),(341,356,0,10,20,'2022-08-15','8','69','0','Berat Badan Normal','-1.41','Pendek','-2.22','Gizi Baik','-0.3','N','-','1','- ','- ','2022-10-15 03:07:17','2022-10-15 03:07:17'),(342,357,0,9,14,'2022-08-15','8','68','0','Berat Badan Normal','-1.1','Pendek','-2.03','Gizi Baik','0.05','N','-','1','- ','- ','2022-10-15 03:07:17','2022-10-15 03:07:17'),(343,358,1,0,20,'2022-08-18','9','71.5','0','Berat Badan Normal','-0.78','Pendek','-2.1','Gizi Baik','0.33','O','-','1','- ','- ','2022-10-15 03:07:17','2022-10-15 03:07:17'),(344,359,0,9,11,'2022-08-13','7','67.2','0','Kurang','-2.28','Pendek','-2.33','Gizi Baik','-1.32','N','-','1','- ','- ','2022-10-15 03:07:17','2022-10-15 03:07:17'),(345,360,0,7,26,'2022-08-02','7.1','64.7','0','Berat Badan Normal','-1.72','Pendek','-2.61','Gizi Baik','-0.16','N','-','1','- ','- ','2022-10-15 03:07:17','2022-10-15 03:07:17'),(346,361,0,8,23,'2022-08-06','6.4','65','0','Kurang','-2.03','Pendek','-2.01','Gizi Baik','-1.13','N','-','1','- ','- ','2022-10-15 03:07:17','2022-10-15 03:07:17'),(347,366,4,5,26,'2022-08-13','14','98','0','Berat Badan Normal','-1.65','Pendek','-2.11','Gizi Baik','-0.55','N','-','1','- ','- ','2022-10-15 03:07:17','2022-10-15 03:07:17'),(348,376,1,2,2,'2022-08-13','9','70','0','Berat Badan Normal','-0.36','Pendek','-2.41','Risiko Gizi Lebih','1.06','N','-','1','- ','- ','2022-10-15 03:07:17','2022-10-15 03:07:17'),(349,377,0,5,24,'2022-08-10','7','62.6','0','Berat Badan Normal','-1.05','Pendek','-2.21','Gizi Baik','0.57','T','-','1','- ','- ','2022-10-15 03:07:17','2022-10-15 03:07:17'),(350,379,1,7,19,'2022-08-09','9.5','75.3','0','Berat Badan Normal','-0.88','Pendek','-2.12','Gizi Baik','0.2','N','-','1','- ','- ','2022-10-15 03:07:17','2022-10-15 03:07:17'),(351,381,0,10,12,'2022-08-18','9','64.4','0','Berat Badan Normal','0.39','Sangat Pendek','-3.06','Gizi Lebih','2.71','N','-','1','- ','- ','2022-10-15 03:07:17','2022-10-15 03:07:17'),(352,385,1,4,7,'2022-08-15','8','73','0','Kurang','-2.51','Pendek','-2.6','Gizi Baik','-1.78','N','-','1','- ','- ','2022-10-15 03:07:17','2022-10-15 03:07:17'),(353,387,2,1,9,'2022-08-08','9.6','79','0','Berat Badan Normal','-1.68','Pendek','-2.59','Gizi Baik','-0.34','N','-','1','- ','- ','2022-10-15 03:07:17','2022-10-15 03:07:17'),(354,390,0,7,17,'2022-08-30','6.5','61.4','15','Berat Badan Normal','-1.54','Pendek','-2.88','Gizi Baik','0.47','O','-','1','- ','- ','2022-10-15 03:07:17','2022-10-15 03:07:17');
/*!40000 ALTER TABLE `stunting` ENABLE KEYS */;
UNLOCK TABLES;

--
-- Table structure for table `users`
--

DROP TABLE IF EXISTS `users`;
/*!40101 SET @saved_cs_client     = @@character_set_client */;
/*!50503 SET character_set_client = utf8mb4 */;
CREATE TABLE `users` (
  `id` bigint unsigned NOT NULL AUTO_INCREMENT,
  `name` varchar(255) CHARACTER SET utf8mb4 COLLATE utf8mb4_unicode_ci NOT NULL,
  `telpon` varchar(255) CHARACTER SET utf8mb4 COLLATE utf8mb4_unicode_ci DEFAULT NULL,
  `alamat` varchar(255) CHARACTER SET utf8mb4 COLLATE utf8mb4_unicode_ci NOT NULL,
  `username` varchar(255) CHARACTER SET utf8mb4 COLLATE utf8mb4_unicode_ci NOT NULL,
  `email` varchar(255) CHARACTER SET utf8mb4 COLLATE utf8mb4_unicode_ci DEFAULT NULL,
  `email_verified_at` timestamp NULL DEFAULT NULL,
  `password` varchar(255) CHARACTER SET utf8mb4 COLLATE utf8mb4_unicode_ci NOT NULL,
  `remember_token` varchar(100) CHARACTER SET utf8mb4 COLLATE utf8mb4_unicode_ci DEFAULT NULL,
  `is_admin` enum('Y','N') CHARACTER SET utf8mb4 COLLATE utf8mb4_unicode_ci NOT NULL DEFAULT 'N',
  `status` int NOT NULL DEFAULT '1',
  `created_at` timestamp NULL DEFAULT NULL,
  `updated_at` timestamp NULL DEFAULT NULL,
  PRIMARY KEY (`id`)
) ENGINE=InnoDB AUTO_INCREMENT=149 DEFAULT CHARSET=utf8mb4 COLLATE=utf8mb4_unicode_ci;
/*!40101 SET character_set_client = @saved_cs_client */;

--
-- Dumping data for table `users`
--

LOCK TABLES `users` WRITE;
/*!40000 ALTER TABLE `users` DISABLE KEYS */;
INSERT INTO `users` VALUES (26,'PUSKESMAS MODAYAG','085398177537','MODAYAG','puskesmasmodayag','puskesmas.modayag@boltimkab.go.id',NULL,'$2y$10$Bvr0vOs.rNXpMTimiRUxV.2ljA4K9cWEPm8ssYKpF58OMSnuYCMja',NULL,'N',1,'2021-07-25 22:27:03','2022-10-15 05:11:02'),(28,'ADMIN',NULL,'-','ikm','admin@e-surveiikm.bolmongkab.go.id','2021-07-26 14:43:12','$2y$10$GUpQhEcrw34vcsh.mTJIXevN.Mnr/sbqcVSIokYfiJ.vQcwYY0zpO',NULL,'Y',1,'2021-07-26 14:43:12','2022-10-16 20:54:06');
/*!40000 ALTER TABLE `users` ENABLE KEYS */;
UNLOCK TABLES;
/*!40103 SET TIME_ZONE=@OLD_TIME_ZONE */;

/*!40101 SET SQL_MODE=@OLD_SQL_MODE */;
/*!40014 SET FOREIGN_KEY_CHECKS=@OLD_FOREIGN_KEY_CHECKS */;
/*!40014 SET UNIQUE_CHECKS=@OLD_UNIQUE_CHECKS */;
/*!40101 SET CHARACTER_SET_CLIENT=@OLD_CHARACTER_SET_CLIENT */;
/*!40101 SET CHARACTER_SET_RESULTS=@OLD_CHARACTER_SET_RESULTS */;
/*!40101 SET COLLATION_CONNECTION=@OLD_COLLATION_CONNECTION */;
/*!40111 SET SQL_NOTES=@OLD_SQL_NOTES */;

-- Dump completed on 2023-05-25 19:08:00
